-- phpMyAdmin SQL Dump
-- version 3.5.2.2
-- http://www.phpmyadmin.net
--
-- Host: localhost
-- Generation Time: Nov 10, 2013 at 03:13 PM
-- Server version: 5.5.34-0ubuntu0.13.10.1
-- PHP Version: 5.5.3-1ubuntu2

SET SQL_MODE="NO_AUTO_VALUE_ON_ZERO";
SET time_zone = "+00:00";


/*!40101 SET @OLD_CHARACTER_SET_CLIENT=@@CHARACTER_SET_CLIENT */;
/*!40101 SET @OLD_CHARACTER_SET_RESULTS=@@CHARACTER_SET_RESULTS */;
/*!40101 SET @OLD_COLLATION_CONNECTION=@@COLLATION_CONNECTION */;
/*!40101 SET NAMES utf8 */;

--
-- Database: `ecommerce`
--

-- --------------------------------------------------------

--
-- Table structure for table `clients`
--

CREATE TABLE IF NOT EXISTS `clients` (
  `clients_id` int(11) NOT NULL AUTO_INCREMENT,
  `name` varchar(250) NOT NULL,
  `last_name` varchar(250) NOT NULL,
  `phone` varchar(250) NOT NULL,
  `address` varchar(250) NOT NULL,
  `countries_id` int(11) NOT NULL,
  PRIMARY KEY (`clients_id`)
) ENGINE=MyISAM  DEFAULT CHARSET=latin1 AUTO_INCREMENT=500 ;

--
-- Dumping data for table `clients`
--

INSERT INTO `clients` (`clients_id`, `name`, `last_name`, `phone`, `address`, `countries_id`) VALUES
(1, 'Amin', 'GBE', '0334799', 'N: 153,LJD', 77),
(2, 'Ali', 'AF', '0331472', 'N: 242,HLL', 45),
(3, 'Houssin', 'EB', '0333894', 'N: 412,AAG', 22),
(4, 'Houssin', 'LKK', '0331693', 'N: 334,AE', 33),
(5, 'Mosab', 'GEB', '0332936', 'N: 239,JAD', 41),
(6, 'Tahar', 'MKH', '0334380', 'N: 236,FMG', 94),
(7, 'Ali', 'BKL', '0334600', 'N: 459,GM', 84),
(8, 'Amin', 'JEJ', '0334266', 'N: 406,BFM', 35),
(9, 'Amina', 'EDH', '0334779', 'N: 65,AEA', 58),
(10, 'Amin', 'BKA', '0334875', 'N: 319,GH', 85),
(11, 'Amin', 'LGJ', '0332821', 'N: 174,FHL', 29),
(12, 'Amina', 'HJC', '0331780', 'N: 300,DD', 29),
(13, 'Amina', 'CFH', '0331988', 'N: 202,CCM', 75),
(14, 'Mohammed', 'BHH', '0334092', 'N: 30,MCH', 66),
(15, 'Tahar', 'GDB', '0333518', 'N: 238,KMK', 67),
(16, 'Ali', 'GMH', '0331262', 'N: 78,ADE', 86),
(17, '', 'EAH', '0334635', 'N: 395,JL', 21),
(18, 'Tahar', 'GJK', '0333433', 'N: 158,CEC', 89),
(19, 'Mohammed', 'FFM', '0331021', 'N: 240,AAK', 37),
(20, 'Amina', 'KKM', '0332124', 'N: 319,JMF', 66),
(21, 'Ali', 'MBL', '0333365', 'N: 370,BLA', 29),
(22, 'Houssin', 'AJA', '0334897', 'N: 343,GAJ', 25),
(23, 'Rabah', 'HB', '0332768', 'N: 123,KBB', 16),
(24, 'Mosab', 'DAM', '0331033', 'N: 311,JBF', 70),
(25, 'Rabah', 'ALA', '0331445', 'N: 377,KJK', 41),
(26, 'Amina', 'BL', '0331928', 'N: 210,AG', 21),
(27, 'Ali', 'DFB', '0331700', 'N: 228,KLG', 14),
(28, 'Tahar', 'MCD', '0334743', 'N: 153,AJ', 79),
(29, 'Mohammed', 'LMA', '0333676', 'N: 82,FKB', 96),
(30, '', 'CDE', '0332387', 'N: 213,LBC', 36),
(31, 'Amin', 'KDF', '0334953', 'N: 101,KAL', 64),
(32, 'Mosab', 'MGK', '0334713', 'N: 75,MEM', 97),
(33, 'Rabah', 'LCH', '0331784', 'N: 267,AJ', 19),
(34, 'Rabah', 'LMJ', '0331992', 'N: 448,LM', 66),
(35, 'Huthaifa', 'JHA', '0332595', 'N: 245,CDL', 6),
(36, 'Amin', 'CMF', '0333891', 'N: 42,MKB', 54),
(37, 'Amina', 'FEL', '0331339', 'N: 316,JMH', 59),
(38, 'Huthaifa', 'BDB', '0331798', 'N: 340,HE', 42),
(39, 'Tahar', 'BHD', '0333150', 'N: 159,EFA', 46),
(40, '', 'MME', '0333701', 'N: 499,EM', 57),
(41, '', 'FKC', '0333136', 'N: 458,MBD', 82),
(42, 'Huthaifa', 'KB', '0331103', 'N: 255,FF', 42),
(43, 'Amina', 'DK', '0332245', 'N: 488,KDE', 65),
(44, 'Amina', 'DBH', '0332959', 'N: 313,GEK', 79),
(45, 'Ali', 'DGC', '0332457', 'N: 270,JLM', 62),
(46, 'Ali', 'KHG', '0333101', 'N: 438,GDC', 81),
(47, '', 'AAA', '0333444', 'N: 286,JB', 36),
(48, 'Amina', 'BHE', '0332214', 'N: 490,MK', 84),
(49, 'Huthaifa', 'HB', '0332762', 'N: 74,AMF', 20),
(50, 'Mosab', 'ECL', '0332398', 'N: 421,E', 29),
(51, 'Rabah', 'LF', '0331801', 'N: 371,BK', 69),
(52, '', 'DJH', '0332697', 'N: 47,JF', 10),
(53, 'Houssin', 'KFM', '0332902', 'N: 396,KLK', 64),
(54, 'Ali', 'BFH', '0331237', 'N: 329,DK', 98),
(55, 'Houssin', 'KDE', '0332103', 'N: 345,FB', 38),
(56, 'Mohammed', 'KAG', '0333463', 'N: 277,DEE', 6),
(57, '', 'GCF', '0331078', 'N: 117,ADC', 82),
(58, 'Amin', 'MGG', '0331813', 'N: 405,CHL', 35),
(59, '', 'LBA', '0332345', 'N: 362,HJA', 95),
(60, 'Houssin', 'FL', '0332494', 'N: 228,AFK', 27),
(61, 'Amin', 'ACK', '0333227', 'N: 187,HL', 35),
(62, 'Ali', 'CC', '0334860', 'N: 261,HB', 98),
(63, 'Tahar', 'L', '0333612', 'N: 167,EKK', 12),
(64, '', 'BB', '0333954', 'N: 348,GEG', 46),
(65, 'Houssin', 'HFL', '0334244', 'N: 181,EKM', 48),
(66, 'Mosab', 'FDJ', '0332273', 'N: 470,JJ', 73),
(67, 'Mosab', 'JK', '0334092', 'N: 227,JDK', 9),
(68, 'Mosab', 'FJB', '0331894', 'N: 249,GHD', 37),
(69, 'Mohammed', 'KE', '0333509', 'N: 49,DJK', 91),
(70, 'Rabah', 'HHA', '0332997', 'N: 163,GBH', 25),
(71, 'Amin', 'EJM', '0332759', 'N: 434,EMF', 62),
(72, 'Amin', 'FHA', '0334089', 'N: 108,BAL', 89),
(73, '', 'CFG', '0331837', 'N: 475,LKA', 38),
(74, '', 'DKH', '0331669', 'N: 75,FHA', 88),
(75, 'Ali', 'EEK', '0332408', 'N: 59,GB', 75),
(76, 'Rabah', 'AML', '0333147', 'N: 66,KEL', 82),
(77, 'Houssin', 'KBF', '0332368', 'N: 140,GLL', 57),
(78, 'Houssin', 'M', '0333768', 'N: 124,BJK', 22),
(79, 'Rabah', 'ADD', '0334407', 'N: 412,FHB', 21),
(80, 'Tahar', 'LG', '0331912', 'N: 158,LKB', 59),
(81, 'Rabah', 'KHC', '0333986', 'N: 129,FLM', 14),
(82, 'Mohammed', 'CCE', '0333006', 'N: 29,CMJ', 31),
(83, 'Mohammed', 'ABA', '0333293', 'N: 190,EEB', 45),
(84, '', 'FCG', '0333552', 'N: 472,KAL', 61),
(85, 'Amin', 'LLF', '0331712', 'N: 175,FEC', 8),
(86, 'Houssin', 'EBL', '0332442', 'N: 356,BKA', 27),
(87, 'Ali', 'AKE', '0333003', 'N: 177,DDF', 8),
(88, 'Amina', 'JMJ', '0331071', 'N: 52,AFF', 25),
(89, 'Huthaifa', 'AHJ', '0334366', 'N: 460,EJ', 44),
(90, 'Amin', 'LF', '0331502', 'N: 469,DFC', 71),
(91, 'Tahar', 'AEF', '0333822', 'N: 181,GKL', 91),
(92, '', 'EG', '0334986', 'N: 408,FEL', 8),
(93, 'Mosab', 'AMD', '0331025', 'N: 489,CDF', 35),
(94, 'Mohammed', 'MEE', '0332097', 'N: 46,JKL', 50),
(95, 'Houssin', 'KLJ', '0332182', 'N: 414,FKC', 25),
(96, 'Amina', 'DJ', '0331870', 'N: 157,JFH', 4),
(97, 'Mosab', 'JMB', '0334833', 'N: 100,CJ', 98),
(98, 'Ali', 'HK', '0331952', 'N: 26,LJL', 99),
(99, '', 'HC', '0331999', 'N: 101,GMH', 13),
(100, '', 'DKL', '0332600', 'N: 353,AHE', 96),
(101, 'Huthaifa', 'GHD', '0332848', 'N: 400,EDG', 10),
(102, 'Amin', 'FJC', '0333506', 'N: 465,FBL', 97),
(103, 'Amin', 'KDA', '0333256', 'N: 338,KHD', 7),
(104, 'Huthaifa', 'LHB', '0331253', 'N: 17,MED', 37),
(105, 'Tahar', 'GKB', '0333875', 'N: 202,ABH', 89),
(106, 'Mohammed', 'LJE', '0334318', 'N: 102,AHK', 26),
(107, 'Houssin', 'DAC', '0332522', 'N: 60,CDG', 45),
(108, 'Houssin', 'F', '0331382', 'N: 342,LCL', 33),
(109, 'Mohammed', 'MBJ', '0331869', 'N: 484,MDG', 64),
(110, 'Tahar', 'BG', '0332097', 'N: 160,JFH', 12),
(111, 'Amina', 'CAM', '0333327', 'N: 86,GEE', 33),
(112, 'Houssin', 'ECL', '0331249', 'N: 210,LJ', 30),
(113, 'Huthaifa', 'BFG', '0333644', 'N: 346,LDB', 37),
(114, 'Tahar', 'AHG', '0334547', 'N: 79,JFG', 95),
(115, 'Mosab', 'CE', '0331034', 'N: 200,ELE', 99),
(116, 'Mohammed', 'MBG', '0332487', 'N: 390,CCA', 33),
(117, 'Huthaifa', 'GEB', '0334727', 'N: 127,DHJ', 74),
(118, 'Tahar', 'FL', '0332311', 'N: 468,CJK', 54),
(119, 'Houssin', 'LFK', '0332287', 'N: 395,GG', 61),
(120, 'Amina', 'GAC', '0333326', 'N: 10,FLH', 8),
(121, 'Huthaifa', 'AGG', '0334482', 'N: 404,FBG', 15),
(122, 'Houssin', 'BA', '0334518', 'N: 151,LFL', 77),
(123, 'Mohammed', 'JDB', '0334228', 'N: 417,BCJ', 64),
(124, 'Rabah', 'CJL', '0333731', 'N: 282,HBJ', 6),
(125, 'Amin', 'DCC', '0332086', 'N: 36,GBG', 30),
(126, 'Amina', 'GMB', '0333272', 'N: 365,MJ', 57),
(127, 'Amin', 'DL', '0331162', 'N: 232,GJH', 17),
(128, 'Houssin', 'LFM', '0331015', 'N: 344,MGK', 38),
(129, 'Mosab', 'HMK', '0333777', 'N: 221,FJB', 39),
(130, 'Ali', 'EJ', '0332376', 'N: 346,FME', 97),
(131, 'Mohammed', 'KF', '0334402', 'N: 383,BKD', 89),
(132, 'Ali', 'AGA', '0334053', 'N: 99,FCL', 52),
(133, 'Huthaifa', 'MC', '0334758', 'N: 124,MEB', 23),
(134, 'Rabah', 'BCA', '0333315', 'N: 44,LKL', 9),
(135, 'Huthaifa', 'BA', '0334897', 'N: 453,DFB', 6),
(136, '', 'JAL', '0334656', 'N: 489,ALE', 16),
(137, 'Mohammed', 'JDD', '0333809', 'N: 436,EGH', 18),
(138, 'Houssin', 'CBK', '0331918', 'N: 67,JGG', 77),
(139, 'Huthaifa', 'FFH', '0332069', 'N: 187,HEC', 88),
(140, 'Tahar', 'DGK', '0333062', 'N: 114,JMK', 20),
(141, 'Mohammed', 'EEC', '0331466', 'N: 295,DLA', 82),
(142, 'Huthaifa', 'HD', '0331716', 'N: 274,EKM', 55),
(143, 'Houssin', 'ELB', '0331325', 'N: 156,EKC', 8),
(144, '', 'CFD', '0332449', 'N: 278,LJE', 91),
(145, 'Tahar', 'MGK', '0334419', 'N: 347,DCF', 14),
(146, 'Mosab', 'AGG', '0331550', 'N: 277,LGD', 99),
(147, 'Huthaifa', 'CC', '0332642', 'N: 272,GDC', 84),
(148, 'Ali', 'JKJ', '0332646', 'N: 285,EKK', 77),
(149, 'Amina', 'GLD', '0331169', 'N: 463,LMF', 10),
(150, 'Amina', 'DA', '0334583', 'N: 334,HFM', 76),
(151, 'Amin', 'AF', '0333872', 'N: 418,GAG', 29),
(152, 'Amina', 'ELH', '0333654', 'N: 420,GGK', 93),
(153, 'Houssin', 'HMM', '0333374', 'N: 378,GCC', 42),
(154, '', 'FGE', '0332473', 'N: 105,CMD', 70),
(155, 'Ali', 'BA', '0333811', 'N: 364,LDC', 51),
(156, 'Ali', 'LAA', '0333719', 'N: 335,LCL', 94),
(157, 'Houssin', 'KEB', '0331266', 'N: 362,DDH', 54),
(158, '', 'KJ', '0333916', 'N: 171,KGH', 94),
(159, 'Mohammed', 'KKB', '0334049', 'N: 227,KGJ', 59),
(160, 'Tahar', 'DEL', '0332302', 'N: 199,HHJ', 15),
(161, 'Ali', 'HML', '0333106', 'N: 323,BDC', 68),
(162, 'Ali', 'CF', '0332196', 'N: 94,EAK', 1),
(163, 'Houssin', 'CD', '0331019', 'N: 289,EHC', 98),
(164, 'Houssin', 'EGH', '0331354', 'N: 30,DCD', 40),
(165, 'Amina', 'FHD', '0332468', 'N: 449,FK', 16),
(166, 'Mosab', 'HE', '0333310', 'N: 176,HM', 73),
(167, '', 'HAF', '0331655', 'N: 74,GFE', 74),
(168, 'Mosab', 'CCF', '0332808', 'N: 277,DMD', 25),
(169, 'Mohammed', 'AME', '0331017', 'N: 220,KHE', 60),
(170, 'Amin', 'DCE', '0333762', 'N: 172,FCK', 78),
(171, 'Amina', 'GA', '0334660', 'N: 210,JCD', 91),
(172, 'Tahar', 'EMD', '0333907', 'N: 465,KFG', 9),
(173, 'Mohammed', 'KEC', '0331349', 'N: 32,HHC', 28),
(174, 'Rabah', 'BLD', '0331674', 'N: 359,JLM', 99),
(175, 'Houssin', 'EEH', '0333602', 'N: 40,GEG', 3),
(176, 'Tahar', 'HLL', '0334033', 'N: 438,MDF', 7),
(177, 'Huthaifa', 'KCE', '0331025', 'N: 171,BJB', 100),
(178, 'Houssin', 'LEA', '0332660', 'N: 499,AE', 58),
(179, '', 'LBK', '0333608', 'N: 443,JGC', 5),
(180, 'Huthaifa', 'KLK', '0331498', 'N: 395,ACG', 19),
(181, 'Ali', 'BH', '0331645', 'N: 209,GDE', 91),
(182, 'Amina', 'EK', '0331367', 'N: 203,LKM', 1),
(183, 'Mosab', 'GKH', '0331928', 'N: 443,EDB', 81),
(184, 'Tahar', 'DG', '0334290', 'N: 68,MEE', 25),
(185, 'Amin', 'CHA', '0331395', 'N: 338,FMF', 32),
(186, '', 'CLJ', '0333838', 'N: 27,HAE', 65),
(187, 'Amina', 'LL', '0332222', 'N: 378,CB', 28),
(188, 'Tahar', 'EFA', '0332542', 'N: 274,JLF', 8),
(189, 'Ali', 'EDM', '0331205', 'N: 472,H', 28),
(190, 'Amin', 'LBC', '0333547', 'N: 210,HH', 5),
(191, 'Amina', 'AFD', '0331173', 'N: 407,LKH', 27),
(192, 'Mosab', 'KJA', '0333408', 'N: 351,HD', 95),
(193, 'Amina', 'HLM', '0333996', 'N: 215,EJ', 93),
(194, 'Mosab', 'LC', '0331359', 'N: 12,MK', 57),
(195, 'Ali', 'GDL', '0333181', 'N: 433,GGF', 82),
(196, 'Tahar', 'CED', '0331573', 'N: 72,JGL', 64),
(197, 'Tahar', 'HFE', '0333808', 'N: 276,EJF', 10),
(198, 'Amin', 'JJG', '0332736', 'N: 89,EJ', 76),
(199, 'Mosab', 'BB', '0332511', 'N: 71,DAH', 8),
(200, 'Houssin', 'JB', '0332452', 'N: 169,JK', 12),
(201, 'Amina', 'CKF', '0333860', 'N: 94,HAB', 29),
(202, 'Amina', 'MFL', '0331052', 'N: 399,DL', 54),
(203, 'Rabah', 'GG', '0333558', 'N: 449,DEJ', 30),
(204, 'Tahar', 'FGC', '0334603', 'N: 125,EGD', 46),
(205, 'Mosab', 'BEC', '0334775', 'N: 180,MJ', 83),
(206, 'Tahar', 'E', '0334842', 'N: 490,LDD', 47),
(207, 'Huthaifa', 'KMB', '0334578', 'N: 412,EDE', 62),
(208, 'Houssin', 'BKA', '0332286', 'N: 351,EEH', 1),
(209, 'Ali', 'G', '0334715', 'N: 475,GKC', 76),
(210, 'Amin', 'LGB', '0334410', 'N: 193,CH', 31),
(211, 'Mosab', 'EFH', '0332359', 'N: 372,DKA', 82),
(212, 'Mosab', 'CLK', '0333781', 'N: 365,JCG', 87),
(213, '', 'KJF', '0334492', 'N: 252,LLJ', 39),
(214, 'Ali', 'FJH', '0334954', 'N: 25,DCK', 36),
(215, 'Mohammed', 'GHL', '0331747', 'N: 138,HLF', 5),
(216, 'Mosab', 'EKE', '0333955', 'N: 325,MGG', 52),
(217, 'Amina', 'JH', '0331773', 'N: 476,JGC', 37),
(218, 'Amina', 'CLF', '0331161', 'N: 25,JHM', 11),
(219, 'Houssin', 'HFF', '0334797', 'N: 101,ALK', 55),
(220, 'Rabah', 'HCD', '0331709', 'N: 189,CLM', 41),
(221, 'Ali', 'KHA', '0331539', 'N: 329,ALD', 92),
(222, '', 'MGE', '0332204', 'N: 234,HED', 26),
(223, 'Amina', 'HMA', '0334389', 'N: 22,FAL', 30),
(224, 'Tahar', 'AB', '0334975', 'N: 78,KA', 98),
(225, '', 'MMF', '0332031', 'N: 92,MLG', 18),
(226, 'Mohammed', 'FK', '0332941', 'N: 301,MJ', 78),
(227, 'Amin', 'BKC', '0331889', 'N: 378,EL', 32),
(228, '', 'KCL', '0331775', 'N: 232,BD', 50),
(229, 'Amin', 'EMA', '0332083', 'N: 204,JCE', 30),
(230, '', 'GFK', '0333936', 'N: 331,GBH', 29),
(231, 'Rabah', 'HAH', '0332374', 'N: 115,AEE', 32),
(232, 'Amina', 'HJK', '0333574', 'N: 467,BDB', 43),
(233, 'Huthaifa', 'B', '0334588', 'N: 342,JFK', 27),
(234, 'Houssin', 'CLK', '0334013', 'N: 83,MLF', 25),
(235, 'Ali', 'DML', '0334916', 'N: 253,KBK', 86),
(236, 'Huthaifa', 'EAF', '0332304', 'N: 453,BD', 90),
(237, 'Amin', 'AA', '0333749', 'N: 407,CHH', 66),
(238, 'Amina', 'KMK', '0332974', 'N: 451,CC', 97),
(239, 'Mohammed', 'GDA', '0334811', 'N: 313,BH', 28),
(240, '', 'LDA', '0334531', 'N: 472,LBH', 45),
(241, 'Mosab', 'FCJ', '0331368', 'N: 335,HDM', 55),
(242, 'Amin', 'MAH', '0334951', 'N: 498,CB', 76),
(243, 'Amin', 'AHG', '0331359', 'N: 244,FH', 97),
(244, 'Rabah', 'DEH', '0334774', 'N: 231,CGK', 8),
(245, 'Mohammed', 'B', '0333139', 'N: 492,BK', 16),
(246, 'Tahar', 'CCA', '0333588', 'N: 157,GAD', 9),
(247, 'Mohammed', 'HEF', '0331660', 'N: 164,MEL', 59),
(248, 'Tahar', 'MHF', '0334747', 'N: 66,FAL', 37),
(249, 'Ali', 'DGE', '0332265', 'N: 99,JLD', 92),
(250, '', 'DGD', '0333734', 'N: 351,HGA', 43),
(251, 'Ali', 'GDK', '0334878', 'N: 116,LFC', 63),
(252, 'Mosab', 'FMD', '0334118', 'N: 112,GFA', 74),
(253, 'Rabah', 'AM', '0332110', 'N: 357,HMD', 68),
(254, 'Rabah', 'ECH', '0331238', 'N: 91,LMH', 5),
(255, 'Huthaifa', 'EFF', '0333544', 'N: 118,HBJ', 66),
(256, 'Amina', 'AJM', '0334854', 'N: 459,HHL', 83),
(257, 'Amin', 'BCF', '0333870', 'N: 131,HGB', 17),
(258, 'Huthaifa', 'JGA', '0331079', 'N: 75,DJD', 92),
(259, 'Amin', 'BM', '0334983', 'N: 467,LHG', 65),
(260, 'Tahar', 'KKH', '0331680', 'N: 247,MLA', 97),
(261, '', 'HHF', '0333378', 'N: 310,HLD', 83),
(262, 'Mosab', 'GK', '0332779', 'N: 467,JDG', 14),
(263, '', 'MK', '0333119', 'N: 30,CEL', 20),
(264, 'Rabah', 'KL', '0331729', 'N: 190,HKC', 79),
(265, 'Huthaifa', 'EG', '0333553', 'N: 380,FDA', 96),
(266, 'Tahar', 'MD', '0333638', 'N: 215,ELL', 15),
(267, 'Mohammed', 'BML', '0331306', 'N: 45,CJL', 37),
(268, 'Tahar', 'FDK', '0334621', 'N: 467,GEC', 52),
(269, 'Rabah', 'JGC', '0334642', 'N: 80,HD', 41),
(270, 'Rabah', 'AHD', '0334236', 'N: 314,ED', 17),
(271, 'Rabah', 'JHJ', '0332551', 'N: 239,HML', 78),
(272, 'Rabah', 'BFM', '0332246', 'N: 162,AMH', 100),
(273, 'Rabah', 'AM', '0331806', 'N: 408,GHL', 75),
(274, 'Mosab', 'BFD', '0334062', 'N: 398,KEJ', 56),
(275, 'Ali', 'AJG', '0334668', 'N: 492,LM', 38),
(276, '', 'DD', '0331427', 'N: 257,KHA', 54),
(277, 'Rabah', 'KJK', '0331131', 'N: 220,GLK', 20),
(278, 'Rabah', 'MD', '0332518', 'N: 89,CB', 89),
(279, 'Huthaifa', 'ABM', '0334794', 'N: 121,EJL', 43),
(280, 'Amin', 'CCM', '0334664', 'N: 117,EF', 8),
(281, 'Houssin', 'EM', '0332258', 'N: 168,ADG', 16),
(282, 'Ali', 'BCD', '0334878', 'N: 68,GEL', 36),
(283, 'Mosab', 'AG', '0334662', 'N: 225,CCM', 18),
(284, 'Rabah', 'HGD', '0332773', 'N: 404,HGB', 10),
(285, 'Houssin', 'DCL', '0333315', 'N: 87,BG', 75),
(286, 'Tahar', 'DL', '0331950', 'N: 351,FF', 32),
(287, 'Huthaifa', 'CMB', '0332889', 'N: 160,MAL', 99),
(288, 'Ali', 'FDE', '0332134', 'N: 422,GC', 99),
(289, '', 'FDK', '0332551', 'N: 253,FLM', 38),
(290, 'Ali', 'GH', '0333331', 'N: 45,DGB', 11),
(291, 'Tahar', 'DHK', '0333272', 'N: 427,HAA', 50),
(292, 'Mohammed', 'AMD', '0334214', 'N: 149,LDB', 70),
(293, 'Houssin', 'CCC', '0331857', 'N: 394,DGD', 42),
(294, 'Houssin', 'KJC', '0332622', 'N: 123,AD', 11),
(295, 'Tahar', 'DCE', '0333365', 'N: 482,JEC', 73),
(296, 'Mohammed', 'LD', '0331293', 'N: 89,AEJ', 31),
(297, 'Mosab', 'DAF', '0332903', 'N: 211,JGE', 97),
(298, 'Houssin', 'LDL', '0331611', 'N: 432,KLD', 96),
(299, 'Huthaifa', 'DLF', '0333326', 'N: 439,HJD', 29),
(300, '', 'AH', '0332990', 'N: 35,ECH', 73),
(301, 'Ali', 'CHF', '0334850', 'N: 349,DKG', 52),
(302, 'Houssin', 'LG', '0332708', 'N: 206,EAA', 59),
(303, 'Rabah', 'JM', '0334766', 'N: 72,DE', 52),
(304, 'Mohammed', 'FKH', '0334511', 'N: 334,DCE', 74),
(305, 'Houssin', 'AKG', '0332954', 'N: 78,MLC', 93),
(306, 'Tahar', 'GMA', '0332609', 'N: 431,CEC', 49),
(307, 'Amina', 'CH', '0334078', 'N: 414,CA', 60),
(308, 'Mosab', 'JJG', '0331528', 'N: 61,JA', 80),
(309, '', 'EDM', '0332559', 'N: 354,KHA', 89),
(310, 'Mohammed', 'B', '0332966', 'N: 428,LKM', 80),
(311, 'Rabah', 'JF', '0331546', 'N: 291,AKH', 96),
(312, 'Huthaifa', 'HDM', '0332622', 'N: 349,HBD', 62),
(313, 'Mohammed', 'DHB', '0332183', 'N: 25,BK', 84),
(314, '', 'AGE', '0334918', 'N: 319,MAF', 52),
(315, '', 'AD', '0334185', 'N: 234,EH', 22),
(316, '', 'HGG', '0333800', 'N: 408,GJ', 29),
(317, 'Tahar', 'LE', '0331716', 'N: 167,HBE', 1),
(318, 'Houssin', 'DJ', '0333235', 'N: 372,BGB', 71),
(319, 'Mosab', 'AED', '0333264', 'N: 14,ABJ', 99),
(320, 'Rabah', 'BLK', '0331536', 'N: 498,AKB', 39),
(321, 'Mosab', 'KJJ', '0332468', 'N: 123,FGK', 52),
(322, 'Ali', 'GHG', '0333914', 'N: 81,GLD', 18),
(323, 'Mosab', 'JEH', '0332476', 'N: 234,HFC', 68),
(324, 'Amina', 'EG', '0333576', 'N: 377,KAD', 46),
(325, 'Huthaifa', 'FC', '0334741', 'N: 335,EFF', 57),
(326, 'Houssin', 'CC', '0334250', 'N: 290,FF', 61),
(327, 'Mohammed', 'LHF', '0332072', 'N: 110,CD', 45),
(328, 'Tahar', 'MME', '0331161', 'N: 406,AED', 48),
(329, '', 'MKB', '0334275', 'N: 260,KCM', 70),
(330, 'Amina', 'GF', '0332739', 'N: 379,HJK', 88),
(331, 'Mohammed', 'BK', '0333047', 'N: 393,KGB', 2),
(332, 'Mohammed', 'AMK', '0331737', 'N: 356,CM', 12),
(333, 'Huthaifa', 'KBA', '0331566', 'N: 272,LKC', 54),
(334, 'Houssin', 'DJE', '0331811', 'N: 107,BK', 27),
(335, '', 'KEM', '0332774', 'N: 259,HJF', 50),
(336, 'Mosab', 'DM', '0331068', 'N: 198,FLB', 59),
(337, 'Rabah', 'KLA', '0331291', 'N: 28,DC', 98),
(338, 'Tahar', 'KL', '0334320', 'N: 87,DFL', 69),
(339, 'Amina', 'HJB', '0332877', 'N: 336,GMG', 64),
(340, 'Tahar', 'MED', '0334593', 'N: 221,EBJ', 34),
(341, 'Ali', 'BDL', '0334544', 'N: 76,CG', 81),
(342, 'Amina', 'FFG', '0333166', 'N: 436,CAK', 68),
(343, 'Houssin', 'CGA', '0333040', 'N: 219,GMH', 11),
(344, 'Ali', 'JCG', '0333074', 'N: 54,JGD', 16),
(345, 'Rabah', 'BHK', '0333663', 'N: 63,HMC', 34),
(346, 'Huthaifa', 'MHA', '0334573', 'N: 36,GEM', 6),
(347, 'Tahar', 'BKJ', '0333275', 'N: 136,LCK', 5),
(348, 'Rabah', 'BCM', '0334188', 'N: 432,AEK', 19),
(349, 'Mosab', 'DAD', '0332192', 'N: 463,ELD', 21),
(350, 'Amina', 'LDH', '0332825', 'N: 431,LDA', 61),
(351, 'Amin', 'FJG', '0332226', 'N: 245,EEM', 6),
(352, 'Huthaifa', 'HDH', '0334307', 'N: 299,GBE', 77),
(353, 'Rabah', 'CGJ', '0334134', 'N: 495,GJC', 54),
(354, 'Amin', 'GM', '0334910', 'N: 127,EEH', 25),
(355, 'Rabah', 'BLJ', '0333477', 'N: 323,DBL', 62),
(356, 'Amina', 'BLE', '0333992', 'N: 308,EDC', 59),
(357, 'Mosab', 'FBK', '0332372', 'N: 43,KE', 52),
(358, '', 'KHL', '0332618', 'N: 115,FJD', 19),
(359, 'Amin', 'BDB', '0333107', 'N: 35,KMD', 93),
(360, 'Tahar', 'AEH', '0334108', 'N: 357,JKF', 3),
(361, 'Amin', 'FLL', '0331683', 'N: 99,AHL', 36),
(362, 'Mosab', 'BGB', '0331747', 'N: 24,BM', 42),
(363, 'Amina', 'FGC', '0334955', 'N: 138,MJ', 31),
(364, 'Houssin', 'DKF', '0331307', 'N: 439,JBF', 46),
(365, 'Tahar', 'DH', '0332244', 'N: 371,AFJ', 95),
(366, 'Amina', 'FEE', '0333390', 'N: 181,HG', 60),
(367, 'Mosab', 'JLG', '0331342', 'N: 456,EKA', 83),
(368, 'Ali', 'GAK', '0333099', 'N: 191,FHL', 7),
(369, 'Tahar', 'JGM', '0331054', 'N: 53,CJH', 20),
(370, 'Amin', 'ELA', '0334353', 'N: 463,CJ', 1),
(371, 'Mohammed', 'LGB', '0332990', 'N: 39,FH', 27),
(372, 'Mohammed', 'BG', '0334851', 'N: 473,HCH', 16),
(373, 'Rabah', 'LGC', '0334338', 'N: 176,BLH', 76),
(374, 'Mosab', 'HHE', '0333609', 'N: 28,FB', 1),
(375, 'Rabah', 'BD', '0332942', 'N: 44,DAD', 81),
(376, 'Amin', 'HHK', '0334203', 'N: 219,AMC', 61),
(377, 'Houssin', 'ACC', '0332418', 'N: 416,DK', 24),
(378, 'Mosab', 'DCM', '0333400', 'N: 357,LL', 17),
(379, 'Houssin', 'ALD', '0333928', 'N: 290,JLG', 90),
(380, 'Tahar', 'CMH', '0332540', 'N: 141,FJA', 35),
(381, 'Amina', 'KJB', '0333510', 'N: 130,LHB', 59),
(382, 'Mosab', 'KHG', '0334947', 'N: 167,AJB', 57),
(383, 'Huthaifa', 'GKG', '0331433', 'N: 68,KGK', 76),
(384, 'Amina', 'JGG', '0333911', 'N: 81,KGK', 85),
(385, 'Ali', 'FHK', '0334706', 'N: 291,AC', 15),
(386, 'Huthaifa', 'LJD', '0331987', 'N: 391,FD', 18),
(387, 'Mosab', 'CLD', '0333681', 'N: 271,FFA', 10),
(388, 'Amin', 'CGM', '0334523', 'N: 232,FMF', 66),
(389, 'Mohammed', 'AFK', '0332225', 'N: 347,GKJ', 80),
(390, 'Amina', 'FK', '0333585', 'N: 315,DAA', 30),
(391, 'Ali', 'EGJ', '0331691', 'N: 182,BHD', 57),
(392, 'Amin', 'DHK', '0331090', 'N: 444,FGH', 6),
(393, 'Rabah', 'GFD', '0331793', 'N: 57,MFB', 94),
(394, 'Mosab', 'DDC', '0334771', 'N: 217,HAA', 81),
(395, 'Houssin', 'DBC', '0334926', 'N: 74,BEJ', 71),
(396, 'Tahar', 'CM', '0331883', 'N: 206,BL', 11),
(397, 'Mohammed', 'HED', '0333988', 'N: 168,KDF', 74),
(398, 'Mohammed', 'AAC', '0331900', 'N: 10,EEE', 99),
(399, 'Mohammed', 'LC', '0333630', 'N: 90,JJD', 46),
(400, 'Mosab', 'EAB', '0333395', 'N: 379,FEA', 82),
(401, 'Mohammed', 'BLA', '0332390', 'N: 36,AJE', 44),
(402, 'Houssin', 'FCH', '0333486', 'N: 443,LDG', 5),
(403, 'Houssin', 'DEK', '0332356', 'N: 478,FKD', 51),
(404, 'Huthaifa', 'EJF', '0332533', 'N: 496,GFJ', 85),
(405, 'Amina', 'EDB', '0334829', 'N: 433,KB', 51),
(406, 'Mosab', 'LKB', '0333037', 'N: 46,BL', 36),
(407, 'Tahar', 'FJB', '0334359', 'N: 38,BDG', 78),
(408, 'Ali', 'FBF', '0333059', 'N: 48,DGL', 36),
(409, 'Mohammed', 'HCK', '0333927', 'N: 341,LLJ', 67),
(410, 'Ali', 'BBM', '0331865', 'N: 469,MED', 43),
(411, 'Mohammed', 'FLC', '0334138', 'N: 176,DAM', 11),
(412, 'Rabah', 'MKH', '0333479', 'N: 222,DFD', 88),
(413, 'Ali', 'FC', '0332190', 'N: 107,BCG', 40),
(414, 'Houssin', 'HLG', '0334306', 'N: 289,LBH', 66),
(415, 'Amin', 'AG', '0333261', 'N: 79,ELH', 62),
(416, 'Houssin', 'KAJ', '0334663', 'N: 184,MAH', 38),
(417, 'Tahar', 'CD', '0333667', 'N: 408,LG', 42),
(418, 'Ali', 'CFJ', '0331347', 'N: 494,LFL', 38),
(419, 'Mohammed', 'GAB', '0331502', 'N: 495,GA', 5),
(420, 'Rabah', 'GDE', '0334005', 'N: 459,BHE', 9),
(421, '', 'GDF', '0331585', 'N: 171,FL', 18),
(422, 'Amin', 'LJE', '0334847', 'N: 387,EFK', 42),
(423, 'Tahar', 'BK', '0332800', 'N: 342,JHD', 3),
(424, 'Houssin', 'CG', '0333489', 'N: 343,DAH', 4),
(425, 'Ali', 'MML', '0332127', 'N: 418,HJD', 36),
(426, 'Mohammed', 'KG', '0332933', 'N: 458,JBG', 91),
(427, 'Ali', 'CBJ', '0331502', 'N: 374,EEK', 99),
(428, 'Tahar', 'MD', '0334106', 'N: 93,BEL', 39),
(429, 'Mosab', 'MBC', '0334434', 'N: 314,BGK', 63),
(430, 'Tahar', 'MLH', '0333399', 'N: 476,DE', 4),
(431, '', 'KL', '0331095', 'N: 381,ABB', 83),
(432, 'Huthaifa', 'MKJ', '0331258', 'N: 283,DCB', 4),
(433, 'Amina', 'GJ', '0331146', 'N: 274,HEG', 91),
(434, 'Rabah', 'GJE', '0332207', 'N: 340,BEL', 23),
(435, 'Ali', 'EBL', '0334980', 'N: 87,FDE', 48),
(436, 'Rabah', 'BD', '0334033', 'N: 13,LEE', 30),
(437, 'Amin', 'JKM', '0331061', 'N: 39,HBE', 38),
(438, 'Rabah', 'GKF', '0332400', 'N: 355,HK', 92),
(439, 'Amin', 'DAC', '0333139', 'N: 405,CEB', 53),
(440, 'Houssin', 'ECE', '0332081', 'N: 116,FLE', 81),
(441, 'Amin', 'JEM', '0331311', 'N: 339,JJF', 60),
(442, 'Huthaifa', 'JMJ', '0334307', 'N: 217,FAK', 57),
(443, 'Huthaifa', 'EK', '0333950', 'N: 114,CA', 29),
(444, '', 'DD', '0331681', 'N: 19,LJ', 40),
(445, 'Rabah', 'DAD', '0334478', 'N: 432,KDM', 45),
(446, 'Amina', 'FLL', '0331693', 'N: 275,ABK', 6),
(447, 'Tahar', 'KEE', '0331019', 'N: 246,FD', 7),
(448, 'Rabah', 'JEF', '0334755', 'N: 100,DJG', 16),
(449, 'Mohammed', 'EHM', '0331519', 'N: 379,FBM', 14),
(450, 'Ali', 'ELG', '0333728', 'N: 424,AL', 26),
(451, 'Ali', 'CMF', '0333463', 'N: 431,JMG', 11),
(452, 'Mohammed', 'HFJ', '0332838', 'N: 289,EMK', 27),
(453, 'Mohammed', 'MHM', '0332652', 'N: 138,KFE', 54),
(454, 'Houssin', 'FKH', '0334630', 'N: 182,FGD', 94),
(455, 'Houssin', 'DGB', '0334595', 'N: 484,JDM', 37),
(456, 'Huthaifa', 'MDB', '0333951', 'N: 347,EFB', 71),
(457, '', 'KCK', '0332293', 'N: 45,AKH', 31),
(458, 'Houssin', 'DHC', '0332374', 'N: 246,CAK', 2),
(459, 'Rabah', 'DMJ', '0332608', 'N: 319,ELA', 42),
(460, 'Tahar', 'ACJ', '0334047', 'N: 248,KLD', 33),
(461, 'Ali', 'HK', '0331532', 'N: 465,CD', 95),
(462, 'Rabah', 'DDC', '0334751', 'N: 321,LDF', 92),
(463, 'Houssin', 'ML', '0333152', 'N: 364,EDH', 58),
(464, 'Huthaifa', 'JGC', '0332558', 'N: 324,BH', 3),
(465, 'Huthaifa', 'DEK', '0332847', 'N: 135,FDG', 81),
(466, 'Amin', 'CKC', '0331189', 'N: 127,MEG', 45),
(467, '', 'ABF', '0331970', 'N: 259,BEB', 4),
(468, 'Rabah', 'JDJ', '0332516', 'N: 378,LA', 46),
(469, 'Huthaifa', 'DJD', '0332723', 'N: 354,GEB', 2),
(470, 'Mosab', 'ABM', '0332929', 'N: 175,FHJ', 48),
(471, 'Houssin', 'ABM', '0333824', 'N: 243,JJD', 71),
(472, 'Mohammed', 'LK', '0331480', 'N: 203,FJK', 53),
(473, 'Houssin', 'GHK', '0332447', 'N: 24,BKH', 77),
(474, 'Amin', 'CLE', '0331490', 'N: 258,LLB', 6),
(475, 'Tahar', 'CMF', '0334875', 'N: 14,LFJ', 56),
(476, '', 'EAG', '0331296', 'N: 204,GCB', 12),
(477, '', 'EEK', '0333807', 'N: 234,DGD', 39),
(478, 'Huthaifa', 'KHF', '0331616', 'N: 296,F', 11),
(479, 'Huthaifa', 'FH', '0332620', 'N: 255,MJ', 12),
(480, 'Mohammed', 'HGE', '0332387', 'N: 105,LHK', 6),
(481, '', 'DKH', '0333814', 'N: 461,CCM', 18),
(482, 'Amin', 'FBK', '0331118', 'N: 256,CAF', 87),
(483, 'Ali', 'FGH', '0334218', 'N: 411,LJF', 51),
(484, 'Houssin', 'FKF', '0334922', 'N: 239,ECJ', 27),
(485, 'Rabah', 'MKF', '0333355', 'N: 379,LK', 35),
(486, 'Houssin', 'MLB', '0332947', 'N: 299,DC', 34),
(487, 'Amina', 'MKH', '0332332', 'N: 357,AKM', 67),
(488, '', 'CHJ', '0333474', 'N: 81,FH', 20),
(489, 'Amina', 'HAJ', '0333742', 'N: 280,DJL', 49),
(490, '', 'JEJ', '0331859', 'N: 356,FDF', 26),
(491, '', 'EFG', '0331194', 'N: 42,HGH', 54),
(492, 'Houssin', 'GBK', '0331723', 'N: 400,DFF', 14),
(493, '', 'ELD', '0331206', 'N: 499,AFD', 41),
(494, 'Houssin', 'CLB', '0333497', 'N: 413,CDD', 83),
(495, 'Mosab', 'EM', '0333891', 'N: 260,JA', 10),
(496, 'Ali', 'MF', '0331764', 'N: 260,C', 18),
(497, 'Houssin', 'JEE', '0334181', 'N: 479,CAC', 52),
(498, 'Amina', 'GC', '0334400', 'N: 117,JGD', 63),
(499, 'Houssin', 'EGA', '0332230', 'N: 356,HDM', 54);

-- --------------------------------------------------------

--
-- Table structure for table `countries`
--

CREATE TABLE IF NOT EXISTS `countries` (
  `countries_id` int(11) NOT NULL AUTO_INCREMENT,
  `country` varchar(255) NOT NULL DEFAULT '',
  `code` char(2) NOT NULL DEFAULT '',
  PRIMARY KEY (`countries_id`)
) ENGINE=MyISAM  DEFAULT CHARSET=latin1 AUTO_INCREMENT=225 ;

--
-- Dumping data for table `countries`
--

INSERT INTO `countries` (`countries_id`, `country`, `code`) VALUES
(1, 'Afghanistan', 'AF'),
(2, 'Albania', 'AL'),
(3, 'Algeria', 'DZ'),
(4, 'American Samoa', 'AS'),
(5, 'Andorra', 'AD'),
(6, 'Angola', 'AO'),
(7, 'Anguilla', 'AI'),
(8, 'Antarctica', 'AQ'),
(9, 'Antigua and Barbuda', 'AG'),
(10, 'Argentina', 'AR'),
(11, 'Armenia', 'AM'),
(12, 'Aruba', 'AW'),
(13, 'Australia', 'AU'),
(14, 'Austria', 'AT'),
(15, 'Azerbaijan', 'AZ'),
(16, 'Bahamas', 'BS'),
(17, 'Bahrain', 'BH'),
(18, 'Bangladesh', 'BD'),
(19, 'Barbados', 'BB'),
(20, 'Belarus', 'BY'),
(21, 'Belgium', 'BE'),
(22, 'Belize', 'BZ'),
(23, 'Benin', 'BJ'),
(24, 'Bermuda', 'BM'),
(25, 'Bhutan', 'BT'),
(26, 'Bolivia', 'BO'),
(27, 'Bosnia and Herzegovina', 'BA'),
(28, 'Botswana', 'BW'),
(29, 'Bouvet Island', 'BV'),
(30, 'Brazil', 'BR'),
(31, 'British Indian Ocean Territory', 'IO'),
(32, 'Brunei', 'BN'),
(33, 'Bulgaria', 'BG'),
(34, 'Burkina Faso', 'BF'),
(35, 'Burundi', 'BI'),
(36, 'Cambodia', 'KH'),
(37, 'Cameroon', 'CM'),
(38, 'Canada', 'CA'),
(39, 'Cape Verde', 'CV'),
(40, 'Cayman Islands', 'KY'),
(41, 'Central African Republic', 'CF'),
(42, 'Chad', 'TD'),
(43, 'Chile', 'CL'),
(44, 'China', 'CN'),
(45, 'Christmas Island', 'CX'),
(46, 'Colombia', 'CO'),
(47, 'Comoros', 'KM'),
(48, 'Congo', 'CG'),
(49, 'Cook Islands', 'CK'),
(50, 'Costa Rica', 'CR'),
(51, 'Cuba', 'CU'),
(52, 'Cyprus', 'CY'),
(53, 'Czech Republic', 'CZ'),
(54, 'Denmark', 'DK'),
(55, 'Djibouti', 'DJ'),
(56, 'Dominica', 'DM'),
(57, 'Dominican Republic', 'DO'),
(58, 'East Timor', 'TP'),
(59, 'Ecuador', 'EC'),
(60, 'Egypt', 'EG'),
(61, 'El Salvador', 'SV'),
(62, 'Equatorial Guinea', 'GQ'),
(63, 'Eritrea', 'ER'),
(64, 'Estonia', 'EE'),
(65, 'Ethiopia', 'ET'),
(66, 'Faroe Islands', 'FO'),
(67, 'Fiji Islands', 'FJ'),
(68, 'Finland', 'FI'),
(69, 'France', 'FR'),
(70, 'French Guiana', 'GF'),
(71, 'French Polynesia', 'PF'),
(72, 'French Southern and Antarctic Lands', 'TF'),
(73, 'Gabon', 'GA'),
(74, 'Gambia', 'GM'),
(75, 'Georgia', 'GE'),
(76, 'Germany', 'DE'),
(77, 'Ghana', 'GH'),
(78, 'Gibraltar', 'GI'),
(79, 'Greece', 'GR'),
(80, 'Greenland', 'GL'),
(81, 'Grenada', 'GD'),
(82, 'Guadeloupe', 'GP'),
(83, 'Guam', 'GU'),
(84, 'Guatemala', 'GT'),
(85, 'Guinea', 'GN'),
(86, 'Guyana', 'GY'),
(87, 'Haiti', 'HT'),
(88, 'Heard Island and McDonald Islands', 'HM'),
(89, 'Honduras', 'HN'),
(90, 'Hong Kong SAR', 'HK'),
(91, 'Hungary', 'HU'),
(92, 'Iceland', 'IS'),
(93, 'India', 'IN'),
(94, 'Indonesia', 'ID'),
(95, 'Iran', 'IR'),
(96, 'Iraq', 'IQ'),
(97, 'Ireland', 'IE'),
(98, 'Israel', 'IL'),
(99, 'Italy', 'IT'),
(100, 'Jamaica', 'JM'),
(101, 'Japan', 'JP'),
(102, 'Jordan', 'JO'),
(103, 'Kazakhstan', 'KZ'),
(104, 'Kenya', 'KE'),
(105, 'Kiribati', 'KI'),
(106, 'Korea', 'KR'),
(107, 'Kuwait', 'KW'),
(108, 'Kyrgyzstan', 'KG'),
(109, 'Laos', 'LA'),
(110, 'Latvia', 'LV'),
(111, 'Lebanon', 'LB'),
(112, 'Lesotho', 'LS'),
(113, 'Liberia', 'LR'),
(114, 'Libya', 'LY'),
(115, 'Liechtenstein', 'LI'),
(116, 'Lithuania', 'LT'),
(117, 'Luxembourg', 'LU'),
(118, 'Macao SAR', 'MO'),
(119, 'Madagascar', 'MG'),
(120, 'Malawi', 'MW'),
(121, 'Malaysia', 'MY'),
(122, 'Maldives', 'MV'),
(123, 'Mali', 'ML'),
(124, 'Malta', 'MT'),
(125, 'Marshall Islands', 'MH'),
(126, 'Martinique', 'MQ'),
(127, 'Mauritania', 'MR'),
(128, 'Mauritius', 'MU'),
(129, 'Mayotte', 'YT'),
(130, 'Mexico', 'MX'),
(131, 'Micronesia', 'FM'),
(132, 'Moldova', 'MD'),
(133, 'Monaco', 'MC'),
(134, 'Mongolia', 'MN'),
(135, 'Montserrat', 'MS'),
(136, 'Morocco', 'MA'),
(137, 'Mozambique', 'MZ'),
(138, 'Myanmar', 'MM'),
(139, 'Namibia', 'NA'),
(140, 'Nauru', 'NR'),
(141, 'Nepal', 'NP'),
(142, 'Netherlands', 'NL'),
(143, 'Netherlands Antilles', 'AN'),
(144, 'New Caledonia', 'NC'),
(145, 'New Zealand', 'NZ'),
(146, 'Nicaragua', 'NI'),
(147, 'Niger', 'NE'),
(148, 'Nigeria', 'NG'),
(149, 'Niue', 'NU'),
(150, 'Norfolk Island', 'NF'),
(151, 'North Korea', 'KP'),
(152, 'Northern Mariana Islands', 'MP'),
(153, 'Norway', 'NO'),
(154, 'Oman', 'OM'),
(155, 'Pakistan', 'PK'),
(156, 'Palau', 'PW'),
(157, 'Panama', 'PA'),
(158, 'Papua New Guinea', 'PG'),
(159, 'Paraguay', 'PY'),
(160, 'Peru', 'PE'),
(161, 'Philippines', 'PH'),
(162, 'Pitcairn Islands', 'PN'),
(163, 'Poland', 'PL'),
(164, 'Portugal', 'PT'),
(165, 'Puerto Rico', 'PR'),
(166, 'Qatar', 'QA'),
(167, 'Reunion', 'RE'),
(168, 'Romania', 'RO'),
(169, 'Russia', 'RU'),
(170, 'Rwanda', 'RW'),
(171, 'Samoa', 'WS'),
(172, 'San Marino', 'SM'),
(173, 'Saudi Arabia', 'SA'),
(174, 'Senegal', 'SN'),
(175, 'Serbia and Montenegro', 'YU'),
(176, 'Seychelles', 'SC'),
(177, 'Sierra Leone', 'SL'),
(178, 'Singapore', 'SG'),
(179, 'Slovakia', 'SK'),
(180, 'Slovenia', 'SI'),
(181, 'Solomon Islands', 'SB'),
(182, 'Somalia', 'SO'),
(183, 'South Africa', 'ZA'),
(184, 'South Georgia and the South Sandwich Islands', 'GS'),
(185, 'Spain', 'ES'),
(186, 'Sri Lanka', 'LK'),
(187, 'Sudan', 'SD'),
(188, 'Suriname', 'SR'),
(189, 'Svalbard and Jan\\n Mayen', 'SJ'),
(190, 'Swaziland', 'SZ'),
(191, 'Sweden', 'SE'),
(192, 'Switzerland', 'CH'),
(193, 'Syria', 'SY'),
(194, 'Taiwan', 'TW'),
(195, 'Tajikistan', 'TJ'),
(196, 'Tanzania', 'TZ'),
(197, 'Thailand', 'TH'),
(198, 'Togo', 'TG'),
(199, 'Tokelau', 'TK'),
(200, 'Tonga', 'TO'),
(201, 'Trinidad and Tobago', 'TT'),
(202, 'Tunisia', 'TN'),
(203, 'Turkey', 'TR'),
(204, 'Turkmenistan', 'TM'),
(205, 'Turks and Caicos Islands', 'TC'),
(206, 'Tuvalu', 'TV'),
(207, 'Uganda', 'UG'),
(208, 'Ukraine', 'UA'),
(209, 'United Arab Emirates', 'AE'),
(210, 'United Kingdom', 'UK'),
(211, 'United States Minor Outlying Islands', 'UM'),
(212, 'Uruguay', 'UY'),
(213, 'Uzbekistan', 'UZ'),
(214, 'Vanuatu', 'VU'),
(215, 'Vatican City', 'VA'),
(216, 'Venezuela', 'VE'),
(217, 'Viet Nam', 'VN'),
(218, 'Virgin Islands', 'VI'),
(219, 'Wallis and Futuna', 'WF'),
(220, 'Yemen', 'YE'),
(221, 'Zambia', 'ZM'),
(222, 'Zimbabwe', 'ZW'),
(223, 'United States', 'US'),
(224, 'Croatia', 'HR');

-- --------------------------------------------------------

--
-- Table structure for table `orders`
--

CREATE TABLE IF NOT EXISTS `orders` (
  `orders_id` int(11) NOT NULL AUTO_INCREMENT,
  `clients_id` int(11) NOT NULL,
  `products_id` int(11) NOT NULL,
  `price` double NOT NULL,
  `status` enum('UNPAID','PAID','PROCESSING','DELIVERED') NOT NULL,
  `o_time` date NOT NULL,
  PRIMARY KEY (`orders_id`)
) ENGINE=MyISAM  DEFAULT CHARSET=latin1 AUTO_INCREMENT=4002 ;

--
-- Dumping data for table `orders`
--

INSERT INTO `orders` (`orders_id`, `clients_id`, `products_id`, `price`, `status`, `o_time`) VALUES
(1, 1, 1, 10, 'PAID', '2012-11-07'),
(2, 402, 17, 19, 'PAID', '2005-02-18'),
(3, 133, 59, 22, 'DELIVERED', '2010-08-14'),
(4, 52, 22, 41, 'PROCESSING', '2010-06-16'),
(5, 415, 63, 55, 'DELIVERED', '2006-09-10'),
(6, 42, 49, 86, '', '2000-05-06'),
(7, 210, 29, 244, 'DELIVERED', '2004-11-14'),
(8, 91, 34, 292, 'PAID', '2010-02-23'),
(9, 330, 37, 111, 'PROCESSING', '2006-07-09'),
(10, 19, 18, 196, 'UNPAID', '2000-12-01'),
(11, 10, 19, 66, 'PROCESSING', '2009-01-04'),
(12, 34, 60, 188, 'PAID', '2005-08-16'),
(13, 134, 46, 105, '', '2003-09-14'),
(14, 393, 18, 231, '', '2006-06-27'),
(15, 269, 24, 296, 'PROCESSING', '2008-03-01'),
(16, 176, 16, 47, 'PROCESSING', '2001-10-20'),
(17, 283, 25, 68, '', '2001-07-23'),
(18, 174, 19, 79, 'UNPAID', '2007-01-28'),
(19, 46, 30, 287, 'DELIVERED', '2010-12-06'),
(20, 217, 10, 67, '', '2004-05-07'),
(21, 261, 11, 274, 'UNPAID', '2006-02-27'),
(22, 303, 47, 227, '', '2000-01-04'),
(23, 276, 4, 37, 'DELIVERED', '2006-01-09'),
(24, 150, 2, 153, 'DELIVERED', '2002-09-16'),
(25, 268, 7, 233, 'UNPAID', '2003-09-06'),
(26, 390, 54, 44, 'PROCESSING', '2006-11-11'),
(27, 262, 60, 154, 'UNPAID', '2012-08-22'),
(28, 228, 47, 16, 'DELIVERED', '2009-07-15'),
(29, 438, 19, 19, 'PROCESSING', '2005-11-15'),
(30, 323, 35, 212, 'PROCESSING', '2004-11-25'),
(31, 430, 49, 75, 'PROCESSING', '2008-10-15'),
(32, 310, 26, 79, 'UNPAID', '2001-04-25'),
(33, 406, 57, 114, 'DELIVERED', '2002-06-05'),
(34, 272, 19, 204, 'PAID', '2010-05-19'),
(35, 73, 15, 159, 'UNPAID', '2012-10-13'),
(36, 318, 35, 284, 'PAID', '2012-03-11'),
(37, 13, 34, 72, '', '2005-08-17'),
(38, 269, 4, 221, 'UNPAID', '2004-05-09'),
(39, 70, 52, 294, 'PAID', '2000-07-09'),
(40, 3, 19, 226, 'DELIVERED', '2010-09-27'),
(41, 364, 59, 93, 'DELIVERED', '2005-07-18'),
(42, 398, 11, 59, 'PAID', '2002-12-13'),
(43, 279, 23, 233, 'DELIVERED', '2001-10-28'),
(44, 80, 17, 95, 'UNPAID', '2007-01-23'),
(45, 175, 50, 226, 'UNPAID', '2008-01-25'),
(46, 44, 40, 145, '', '2010-09-08'),
(47, 1, 40, 217, 'PROCESSING', '2012-06-08'),
(48, 43, 17, 84, 'PAID', '2006-08-12'),
(49, 23, 43, 72, 'PROCESSING', '2005-12-14'),
(50, 43, 4, 109, 'UNPAID', '2008-11-03'),
(51, 210, 34, 101, 'PROCESSING', '2001-01-28'),
(52, 38, 36, 83, 'UNPAID', '2010-07-12'),
(53, 149, 10, 249, 'PAID', '2010-01-21'),
(54, 110, 4, 75, 'PAID', '2001-08-14'),
(55, 373, 30, 168, 'UNPAID', '2012-11-18'),
(56, 50, 62, 185, 'UNPAID', '2006-11-10'),
(57, 145, 29, 226, 'PROCESSING', '2007-07-27'),
(58, 192, 43, 209, 'DELIVERED', '2009-12-26'),
(59, 396, 36, 123, 'PROCESSING', '2000-12-22'),
(60, 479, 56, 113, 'UNPAID', '2010-12-08'),
(61, 150, 58, 179, 'DELIVERED', '2004-05-06'),
(62, 447, 61, 44, 'PAID', '2007-11-26'),
(63, 136, 51, 253, 'UNPAID', '2004-03-19'),
(64, 164, 15, 124, 'PAID', '2000-10-11'),
(65, 433, 51, 193, 'UNPAID', '2008-03-23'),
(66, 482, 38, 296, '', '2006-02-06'),
(67, 42, 63, 35, 'PAID', '2009-12-13'),
(68, 40, 14, 29, 'PROCESSING', '2005-07-21'),
(69, 244, 20, 34, 'PAID', '2000-10-16'),
(70, 360, 65, 107, 'DELIVERED', '2007-05-18'),
(71, 43, 31, 244, 'UNPAID', '2005-12-15'),
(72, 93, 58, 293, 'PAID', '2001-01-20'),
(73, 251, 38, 123, 'UNPAID', '2011-07-11'),
(74, 464, 18, 287, 'DELIVERED', '2003-04-12'),
(75, 413, 43, 3, '', '2001-10-03'),
(76, 276, 49, 189, 'DELIVERED', '2008-08-01'),
(77, 352, 44, 212, 'PAID', '2003-02-07'),
(78, 59, 42, 187, 'UNPAID', '2011-07-21'),
(79, 85, 58, 43, 'UNPAID', '2006-02-27'),
(80, 322, 63, 13, 'PAID', '2009-09-28'),
(81, 168, 18, 297, 'UNPAID', '2012-09-09'),
(82, 93, 53, 158, 'PAID', '2005-02-11'),
(83, 170, 47, 37, 'PROCESSING', '2007-04-15'),
(84, 69, 27, 143, 'DELIVERED', '2004-07-01'),
(85, 46, 12, 295, 'PROCESSING', '2005-12-14'),
(86, 193, 44, 235, 'PROCESSING', '2006-04-25'),
(87, 447, 30, 80, 'PAID', '2002-05-22'),
(88, 384, 42, 92, '', '2000-10-21'),
(89, 214, 20, 220, 'PROCESSING', '2006-09-27'),
(90, 456, 45, 138, 'PAID', '2004-03-26'),
(91, 402, 36, 238, 'DELIVERED', '2000-01-28'),
(92, 86, 29, 228, '', '2001-01-25'),
(93, 70, 56, 180, 'PROCESSING', '2001-04-03'),
(94, 304, 3, 22, 'PROCESSING', '2009-07-25'),
(95, 35, 51, 233, '', '2004-07-18'),
(96, 157, 41, 182, 'PROCESSING', '2000-05-13'),
(97, 72, 28, 100, 'PAID', '2003-12-25'),
(98, 205, 17, 291, 'UNPAID', '2003-01-17'),
(99, 10, 38, 139, 'UNPAID', '2004-03-28'),
(100, 323, 53, 180, '', '2005-03-14'),
(101, 238, 37, 277, 'DELIVERED', '2012-04-26'),
(102, 131, 12, 234, 'DELIVERED', '2005-09-21'),
(103, 360, 52, 93, 'DELIVERED', '2004-10-24'),
(104, 343, 1, 247, 'PAID', '2010-06-10'),
(105, 114, 41, 243, 'DELIVERED', '2002-09-10'),
(106, 86, 64, 79, 'PROCESSING', '2002-01-04'),
(107, 294, 52, 255, 'PAID', '2007-02-03'),
(108, 460, 61, 279, 'DELIVERED', '2012-10-28'),
(109, 364, 12, 100, '', '2010-02-20'),
(110, 478, 57, 11, 'UNPAID', '2011-04-17'),
(111, 8, 22, 216, 'DELIVERED', '2001-07-27'),
(112, 347, 48, 11, 'DELIVERED', '2008-12-08'),
(113, 289, 47, 85, 'PAID', '2011-08-09'),
(114, 334, 50, 298, 'DELIVERED', '2008-01-23'),
(115, 235, 22, 120, 'PROCESSING', '2008-02-04'),
(116, 389, 45, 18, 'PROCESSING', '2005-02-05'),
(117, 31, 4, 130, 'DELIVERED', '2010-09-28'),
(118, 325, 22, 86, 'PAID', '2001-04-28'),
(119, 348, 20, 242, 'UNPAID', '2008-03-20'),
(120, 144, 21, 238, 'UNPAID', '2000-11-17'),
(121, 203, 62, 220, 'PROCESSING', '2012-02-04'),
(122, 379, 58, 33, 'PROCESSING', '2002-05-22'),
(123, 143, 44, 234, 'UNPAID', '2012-07-06'),
(124, 296, 51, 262, '', '2001-08-28'),
(125, 52, 34, 171, 'PROCESSING', '2005-04-28'),
(126, 222, 31, 37, 'PAID', '2004-03-19'),
(127, 269, 41, 132, '', '2003-03-24'),
(128, 127, 52, 9, '', '2007-11-22'),
(129, 334, 37, 222, 'DELIVERED', '2001-04-09'),
(130, 261, 40, 90, '', '2000-06-06'),
(131, 204, 43, 261, '', '2003-04-23'),
(132, 271, 35, 193, '', '2004-09-19'),
(133, 441, 38, 130, 'PROCESSING', '2001-03-11'),
(134, 106, 32, 202, 'DELIVERED', '2001-12-21'),
(135, 77, 26, 282, 'PROCESSING', '2000-10-15'),
(136, 148, 8, 102, '', '2008-12-19'),
(137, 471, 43, 101, '', '2002-10-13'),
(138, 179, 61, 242, 'PROCESSING', '2005-06-10'),
(139, 244, 30, 17, 'DELIVERED', '2010-12-07'),
(140, 429, 53, 229, 'UNPAID', '2011-02-01'),
(141, 274, 6, 208, 'PROCESSING', '2009-01-11'),
(142, 472, 52, 245, 'PAID', '2009-08-26'),
(143, 70, 7, 71, 'DELIVERED', '2007-04-09'),
(144, 191, 19, 157, 'PAID', '2001-04-13'),
(145, 4, 25, 140, 'PROCESSING', '2006-02-03'),
(146, 99, 13, 139, 'UNPAID', '2012-04-14'),
(147, 347, 59, 120, '', '2000-08-14'),
(148, 270, 60, 235, '', '2002-04-06'),
(149, 144, 39, 193, 'PAID', '2012-02-25'),
(150, 215, 18, 285, 'DELIVERED', '2005-05-23'),
(151, 210, 45, 88, 'UNPAID', '2007-09-28'),
(152, 288, 22, 142, 'UNPAID', '2003-04-03'),
(153, 222, 37, 84, 'DELIVERED', '2001-12-02'),
(154, 58, 2, 273, 'PROCESSING', '2003-11-06'),
(155, 362, 18, 298, 'UNPAID', '2012-04-09'),
(156, 265, 64, 85, 'UNPAID', '2003-10-08'),
(157, 269, 1, 103, '', '2007-08-21'),
(158, 348, 35, 237, '', '2007-09-11'),
(159, 417, 37, 171, 'PROCESSING', '2010-07-22'),
(160, 380, 56, 17, 'PAID', '2010-05-13'),
(161, 62, 6, 213, 'DELIVERED', '2001-01-19'),
(162, 324, 44, 126, 'PAID', '2002-03-06'),
(163, 374, 59, 172, 'DELIVERED', '2005-02-06'),
(164, 138, 46, 286, 'UNPAID', '2007-01-11'),
(165, 185, 23, 245, 'PROCESSING', '2005-07-05'),
(166, 260, 38, 255, 'UNPAID', '2003-04-16'),
(167, 215, 31, 227, 'UNPAID', '2004-04-23'),
(168, 410, 31, 4, 'UNPAID', '2002-12-05'),
(169, 356, 64, 164, 'UNPAID', '2004-05-17'),
(170, 366, 58, 234, 'PAID', '2005-08-14'),
(171, 336, 58, 8, 'UNPAID', '2004-10-10'),
(172, 363, 7, 41, 'PROCESSING', '2007-02-20'),
(173, 368, 7, 261, 'PROCESSING', '2000-05-17'),
(174, 191, 51, 54, 'UNPAID', '2008-12-12'),
(175, 50, 38, 263, 'DELIVERED', '2006-11-26'),
(176, 410, 45, 70, 'PROCESSING', '2010-05-05'),
(177, 177, 34, 254, 'UNPAID', '2008-09-17'),
(178, 340, 9, 50, 'UNPAID', '2011-05-07'),
(179, 270, 20, 188, 'DELIVERED', '2011-06-13'),
(180, 174, 26, 105, 'UNPAID', '2000-07-22'),
(181, 422, 62, 275, 'PAID', '2005-10-10'),
(182, 37, 31, 276, 'DELIVERED', '2007-01-24'),
(183, 243, 28, 20, 'UNPAID', '2009-09-20'),
(184, 298, 13, 41, '', '2007-06-05'),
(185, 327, 5, 275, 'PROCESSING', '2000-10-21'),
(186, 230, 39, 24, 'PROCESSING', '2000-12-09'),
(187, 324, 5, 49, 'UNPAID', '2006-03-06'),
(188, 111, 60, 270, '', '2001-01-23'),
(189, 342, 34, 284, 'PAID', '2007-11-25'),
(190, 291, 45, 192, 'UNPAID', '2003-09-17'),
(191, 168, 47, 276, 'UNPAID', '2010-01-05'),
(192, 143, 20, 108, 'PROCESSING', '2002-04-10'),
(193, 161, 19, 43, 'UNPAID', '2010-02-11'),
(194, 189, 62, 83, '', '2008-11-02'),
(195, 448, 42, 194, 'PAID', '2004-07-08'),
(196, 67, 42, 124, 'PROCESSING', '2012-10-27'),
(197, 81, 2, 88, 'PROCESSING', '2004-06-15'),
(198, 55, 34, 271, 'PROCESSING', '2005-03-14'),
(199, 47, 7, 155, 'UNPAID', '2009-02-08'),
(200, 36, 48, 155, 'PAID', '2004-12-18'),
(201, 154, 46, 174, 'PROCESSING', '2009-11-28'),
(202, 12, 20, 146, 'UNPAID', '2010-05-18'),
(203, 139, 37, 33, 'PAID', '2008-08-11'),
(204, 189, 52, 194, 'PROCESSING', '2006-02-19'),
(205, 432, 6, 91, 'UNPAID', '2010-11-19'),
(206, 242, 49, 194, 'PROCESSING', '2000-02-19'),
(207, 429, 34, 85, 'UNPAID', '2001-05-15'),
(208, 365, 1, 276, 'UNPAID', '2010-07-17'),
(209, 153, 47, 76, 'UNPAID', '2010-07-11'),
(210, 286, 29, 19, 'UNPAID', '2002-09-17'),
(211, 116, 55, 72, 'UNPAID', '2004-07-08'),
(212, 214, 60, 241, 'UNPAID', '2012-09-09'),
(213, 355, 19, 269, 'UNPAID', '2000-02-07'),
(214, 395, 46, 185, 'PAID', '2001-09-13'),
(215, 153, 25, 16, 'PROCESSING', '2002-04-19'),
(216, 278, 53, 277, 'UNPAID', '2009-09-06'),
(217, 318, 29, 148, 'PAID', '2009-05-12'),
(218, 354, 35, 190, 'PROCESSING', '2003-03-26'),
(219, 178, 61, 114, 'DELIVERED', '2003-06-07'),
(220, 254, 47, 263, 'UNPAID', '2006-10-03'),
(221, 128, 35, 81, '', '2012-10-08'),
(222, 336, 10, 206, 'PROCESSING', '2008-04-27'),
(223, 447, 37, 254, 'PAID', '2006-03-27'),
(224, 388, 43, 51, 'PAID', '2004-01-11'),
(225, 448, 55, 143, 'UNPAID', '2004-09-03'),
(226, 163, 33, 109, 'UNPAID', '2008-01-12'),
(227, 159, 24, 106, 'PAID', '2012-03-15'),
(228, 203, 28, 138, 'PAID', '2001-08-15'),
(229, 224, 44, 270, 'PAID', '2006-05-16'),
(230, 431, 8, 188, 'PAID', '2007-12-07'),
(231, 125, 3, 195, 'PROCESSING', '2005-01-23'),
(232, 157, 13, 98, 'DELIVERED', '2008-10-27'),
(233, 344, 27, 133, 'UNPAID', '2000-05-15'),
(234, 289, 47, 21, 'PROCESSING', '2010-09-19'),
(235, 213, 45, 271, 'DELIVERED', '2009-07-08'),
(236, 55, 36, 25, 'PROCESSING', '2009-05-05'),
(237, 183, 13, 29, 'UNPAID', '2007-07-07'),
(238, 331, 58, 227, 'PAID', '2007-10-21'),
(239, 204, 34, 122, '', '2002-04-16'),
(240, 452, 56, 241, 'UNPAID', '2005-11-13'),
(241, 77, 19, 188, 'PROCESSING', '2006-09-17'),
(242, 38, 17, 249, 'DELIVERED', '2001-08-01'),
(243, 358, 27, 223, 'UNPAID', '2012-02-28'),
(244, 66, 30, 160, 'UNPAID', '2004-05-03'),
(245, 353, 15, 166, '', '2006-03-12'),
(246, 484, 59, 1, 'UNPAID', '2002-10-23'),
(247, 144, 27, 248, 'UNPAID', '2010-07-05'),
(248, 369, 47, 50, '', '2002-09-27'),
(249, 238, 3, 9, 'PAID', '2003-07-03'),
(250, 372, 50, 145, 'DELIVERED', '2008-06-23'),
(251, 396, 21, 188, 'UNPAID', '2009-06-04'),
(252, 271, 2, 88, 'PAID', '2009-06-06'),
(253, 442, 10, 39, 'PAID', '2002-02-17'),
(254, 213, 49, 201, 'UNPAID', '2006-02-27'),
(255, 73, 42, 225, '', '2012-05-02'),
(256, 332, 54, 54, 'PAID', '2010-06-15'),
(257, 279, 61, 217, 'PROCESSING', '2001-11-24'),
(258, 130, 1, 132, 'DELIVERED', '2009-02-25'),
(259, 119, 17, 249, 'PAID', '2011-07-10'),
(260, 409, 62, 121, 'PROCESSING', '2010-07-21'),
(261, 301, 4, 82, 'UNPAID', '2012-12-19'),
(262, 29, 55, 151, 'PAID', '2011-12-01'),
(263, 293, 3, 274, '', '2003-09-07'),
(264, 92, 21, 173, 'UNPAID', '2003-12-15'),
(265, 25, 37, 82, 'DELIVERED', '2007-07-24'),
(266, 286, 35, 149, 'DELIVERED', '2004-12-27'),
(267, 114, 61, 296, '', '2012-11-19'),
(268, 138, 42, 270, 'PROCESSING', '2012-06-14'),
(269, 111, 30, 7, 'PAID', '2000-04-27'),
(270, 300, 55, 235, 'UNPAID', '2004-04-24'),
(271, 372, 18, 240, '', '2002-10-23'),
(272, 92, 44, 146, 'PROCESSING', '2004-05-27'),
(273, 129, 56, 128, 'PROCESSING', '2003-06-22'),
(274, 153, 49, 212, '', '2007-06-04'),
(275, 471, 50, 286, 'DELIVERED', '2000-10-20'),
(276, 118, 35, 158, 'PROCESSING', '2002-01-26'),
(277, 256, 26, 249, 'DELIVERED', '2003-04-08'),
(278, 274, 46, 12, '', '2005-09-23'),
(279, 10, 15, 273, '', '2012-11-20'),
(280, 13, 40, 122, 'PAID', '2001-12-20'),
(281, 175, 62, 176, '', '2004-05-19'),
(282, 288, 44, 280, 'UNPAID', '2004-12-01'),
(283, 392, 47, 243, '', '2012-09-23'),
(284, 456, 38, 148, '', '2002-11-07'),
(285, 164, 54, 275, 'DELIVERED', '2009-06-16'),
(286, 50, 60, 69, 'DELIVERED', '2007-02-24'),
(287, 459, 9, 256, 'DELIVERED', '2010-08-16'),
(288, 384, 25, 105, 'DELIVERED', '2012-11-19'),
(289, 69, 48, 268, 'PROCESSING', '2007-10-05'),
(290, 162, 20, 220, 'PROCESSING', '2002-12-04'),
(291, 390, 8, 287, 'DELIVERED', '2003-10-14'),
(292, 49, 31, 6, '', '2010-05-17'),
(293, 389, 14, 80, '', '2012-02-12'),
(294, 249, 63, 171, '', '2003-04-08'),
(295, 239, 17, 117, 'PAID', '2004-05-01'),
(296, 312, 10, 144, 'DELIVERED', '2008-06-18'),
(297, 226, 57, 64, 'PAID', '2000-06-06'),
(298, 8, 42, 176, 'PROCESSING', '2007-02-11'),
(299, 423, 30, 189, 'PAID', '2009-01-18'),
(300, 46, 24, 193, 'DELIVERED', '2006-02-13'),
(301, 67, 41, 24, 'PROCESSING', '2006-04-24'),
(302, 270, 50, 9, 'PROCESSING', '2005-08-03'),
(303, 485, 51, 134, '', '2002-01-06'),
(304, 459, 6, 249, 'UNPAID', '2005-06-22'),
(305, 477, 39, 66, 'UNPAID', '2002-04-20'),
(306, 335, 38, 166, 'PAID', '2004-07-23'),
(307, 363, 13, 265, 'DELIVERED', '2012-04-17'),
(308, 93, 26, 234, 'UNPAID', '2006-08-05'),
(309, 465, 5, 274, '', '2008-02-01'),
(310, 425, 28, 221, 'PROCESSING', '2000-04-22'),
(311, 175, 57, 173, 'UNPAID', '2000-06-24'),
(312, 13, 51, 122, 'PAID', '2002-03-10'),
(313, 331, 52, 148, 'DELIVERED', '2011-05-16'),
(314, 258, 35, 173, 'PAID', '2012-04-27'),
(315, 474, 39, 217, 'PAID', '2005-04-12'),
(316, 255, 50, 75, 'PROCESSING', '2006-08-22'),
(317, 354, 55, 30, 'PAID', '2008-08-01'),
(318, 237, 65, 170, 'UNPAID', '2006-02-12'),
(319, 237, 30, 103, 'PROCESSING', '2000-01-22'),
(320, 245, 24, 59, 'UNPAID', '2001-06-16'),
(321, 320, 7, 97, 'PAID', '2012-06-22'),
(322, 269, 1, 237, 'UNPAID', '2000-05-02'),
(323, 262, 32, 132, 'UNPAID', '2012-10-14'),
(324, 480, 55, 73, 'PROCESSING', '2002-06-14'),
(325, 156, 58, 17, '', '2012-05-10'),
(326, 442, 52, 34, 'PROCESSING', '2010-11-14'),
(327, 403, 17, 156, 'PAID', '2009-12-11'),
(328, 334, 48, 253, 'DELIVERED', '2007-02-04'),
(329, 383, 34, 190, 'UNPAID', '2005-09-02'),
(330, 185, 5, 123, 'PAID', '2011-07-21'),
(331, 333, 28, 62, 'PROCESSING', '2008-09-24'),
(332, 205, 45, 69, 'UNPAID', '2005-01-22'),
(333, 489, 11, 269, 'DELIVERED', '2008-07-25'),
(334, 40, 15, 284, 'PROCESSING', '2003-05-21'),
(335, 73, 57, 138, '', '2003-08-10'),
(336, 476, 26, 56, 'PAID', '2000-05-14'),
(337, 237, 32, 74, 'PROCESSING', '2008-02-08'),
(338, 157, 44, 41, 'PROCESSING', '2011-01-25'),
(339, 83, 29, 178, 'PAID', '2003-01-04'),
(340, 295, 47, 141, 'PROCESSING', '2001-08-27'),
(341, 83, 5, 134, 'DELIVERED', '2007-09-04'),
(342, 95, 55, 117, 'PROCESSING', '2006-07-26'),
(343, 192, 40, 232, 'PROCESSING', '2000-05-25'),
(344, 167, 28, 5, '', '2001-06-15'),
(345, 115, 10, 141, 'PROCESSING', '2002-11-02'),
(346, 372, 40, 55, '', '2005-07-13'),
(347, 463, 7, 114, 'PAID', '2009-02-25'),
(348, 360, 34, 230, 'UNPAID', '2012-10-01'),
(349, 30, 18, 157, 'PAID', '2005-12-20'),
(350, 300, 59, 224, 'PAID', '2006-12-09'),
(351, 466, 33, 236, '', '2007-02-07'),
(352, 147, 21, 37, 'UNPAID', '2010-11-03'),
(353, 368, 44, 36, '', '2012-08-03'),
(354, 167, 42, 240, '', '2006-07-09'),
(355, 24, 31, 192, '', '2012-06-25'),
(356, 280, 38, 37, '', '2011-03-26'),
(357, 350, 9, 3, 'PROCESSING', '2010-02-08'),
(358, 359, 50, 113, 'UNPAID', '2005-03-01'),
(359, 457, 47, 103, '', '2002-12-28'),
(360, 79, 27, 261, 'DELIVERED', '2012-12-17'),
(361, 430, 16, 152, 'PROCESSING', '2004-07-02'),
(362, 77, 42, 98, '', '2005-09-27'),
(363, 389, 57, 294, 'DELIVERED', '2007-04-20'),
(364, 383, 20, 205, '', '2009-07-19'),
(365, 336, 36, 83, 'PROCESSING', '2010-10-05'),
(366, 65, 19, 62, 'PAID', '2012-07-05'),
(367, 159, 15, 40, 'UNPAID', '2001-02-24'),
(368, 342, 28, 164, 'PROCESSING', '2009-03-12'),
(369, 207, 51, 28, 'UNPAID', '2004-05-19'),
(370, 44, 10, 246, 'PAID', '2005-01-15'),
(371, 178, 36, 206, 'DELIVERED', '2010-10-23'),
(372, 435, 61, 194, 'PROCESSING', '2004-03-02'),
(373, 37, 27, 144, 'PROCESSING', '2002-07-17'),
(374, 246, 61, 81, 'PROCESSING', '2001-02-23'),
(375, 253, 8, 96, '', '2008-01-16'),
(376, 217, 54, 110, 'PAID', '2009-01-26'),
(377, 46, 13, 291, 'UNPAID', '2007-06-19'),
(378, 389, 1, 80, 'PAID', '2012-07-25'),
(379, 12, 41, 208, 'PROCESSING', '2009-01-12'),
(380, 194, 1, 294, '', '2010-05-05'),
(381, 283, 23, 22, 'DELIVERED', '2007-01-24'),
(382, 78, 32, 151, '', '2006-10-07'),
(383, 220, 20, 38, 'PROCESSING', '2012-10-01'),
(384, 325, 54, 128, 'UNPAID', '2010-05-25'),
(385, 333, 49, 17, 'PAID', '2001-02-26'),
(386, 321, 11, 229, '', '2008-04-22'),
(387, 77, 3, 2, 'DELIVERED', '2004-02-03'),
(388, 131, 62, 26, '', '2010-07-28'),
(389, 305, 60, 263, 'PAID', '2008-12-16'),
(390, 378, 4, 144, 'PROCESSING', '2002-03-07'),
(391, 431, 33, 299, 'UNPAID', '2006-12-18'),
(392, 429, 9, 215, 'UNPAID', '2000-10-02'),
(393, 417, 21, 16, 'PROCESSING', '2002-12-22'),
(394, 439, 56, 97, 'DELIVERED', '2011-10-03'),
(395, 67, 3, 97, 'UNPAID', '2007-04-02'),
(396, 41, 21, 208, '', '2005-05-03'),
(397, 251, 14, 50, 'PAID', '2006-03-24'),
(398, 367, 10, 180, 'DELIVERED', '2000-12-09'),
(399, 448, 47, 120, 'UNPAID', '2009-09-02'),
(400, 149, 3, 34, 'PAID', '2004-10-10'),
(401, 385, 14, 132, 'PAID', '2005-08-19'),
(402, 458, 54, 147, 'DELIVERED', '2012-02-10'),
(403, 474, 1, 191, '', '2009-01-26'),
(404, 239, 49, 297, 'DELIVERED', '2010-02-05'),
(405, 67, 59, 155, '', '2001-12-07'),
(406, 261, 37, 263, 'PROCESSING', '2004-05-05'),
(407, 171, 30, 143, 'PAID', '2005-02-06'),
(408, 93, 10, 36, 'DELIVERED', '2011-02-14'),
(409, 335, 14, 193, '', '2001-02-21'),
(410, 113, 8, 287, 'DELIVERED', '2008-10-07'),
(411, 26, 13, 112, 'PAID', '2008-11-20'),
(412, 50, 63, 272, 'PAID', '2001-01-28'),
(413, 488, 9, 130, 'DELIVERED', '2004-01-14'),
(414, 222, 15, 71, 'DELIVERED', '2004-03-13'),
(415, 5, 2, 200, 'UNPAID', '2002-01-13'),
(416, 420, 58, 53, '', '2010-01-07'),
(417, 462, 7, 64, '', '2002-08-18'),
(418, 279, 47, 35, 'UNPAID', '2012-05-20'),
(419, 137, 36, 43, 'PAID', '2007-10-10'),
(420, 381, 56, 244, 'DELIVERED', '2009-12-17'),
(421, 282, 5, 253, 'PROCESSING', '2002-01-13'),
(422, 195, 46, 22, '', '2005-03-28'),
(423, 173, 35, 206, 'DELIVERED', '2001-10-26'),
(424, 316, 42, 81, 'PROCESSING', '2006-01-02'),
(425, 106, 5, 195, 'DELIVERED', '2001-06-09'),
(426, 145, 36, 229, 'DELIVERED', '2003-11-19'),
(427, 319, 2, 193, 'UNPAID', '2007-04-18'),
(428, 313, 11, 167, 'PAID', '2010-10-20'),
(429, 136, 59, 227, 'PROCESSING', '2012-05-08'),
(430, 48, 58, 177, 'PAID', '2005-05-03'),
(431, 329, 13, 223, 'PAID', '2002-05-10'),
(432, 375, 47, 288, 'PROCESSING', '2011-07-20'),
(433, 324, 22, 115, '', '2003-02-12'),
(434, 102, 36, 214, 'PAID', '2005-04-20'),
(435, 423, 43, 235, 'PROCESSING', '2010-07-24'),
(436, 23, 59, 55, '', '2008-02-06'),
(437, 239, 43, 269, 'UNPAID', '2012-04-03'),
(438, 114, 27, 155, 'PROCESSING', '2012-03-21'),
(439, 190, 35, 133, 'PAID', '2002-03-22'),
(440, 8, 49, 192, 'UNPAID', '2008-10-25'),
(441, 134, 63, 25, 'DELIVERED', '2007-12-26'),
(442, 298, 17, 299, '', '2008-07-08'),
(443, 307, 48, 6, 'UNPAID', '2003-06-08'),
(444, 213, 45, 13, 'PROCESSING', '2005-09-15'),
(445, 41, 33, 114, 'PAID', '2005-06-04'),
(446, 37, 29, 8, 'DELIVERED', '2008-01-15'),
(447, 176, 35, 239, '', '2003-10-28'),
(448, 257, 18, 77, '', '2012-04-12'),
(449, 190, 64, 275, 'PROCESSING', '2006-04-24'),
(450, 461, 50, 284, 'UNPAID', '2002-12-20'),
(451, 433, 65, 66, 'PAID', '2006-01-07'),
(452, 387, 54, 67, 'PAID', '2001-06-08'),
(453, 30, 51, 203, 'PROCESSING', '2009-08-26'),
(454, 115, 58, 224, 'UNPAID', '2008-09-06'),
(455, 410, 43, 267, 'DELIVERED', '2008-02-27'),
(456, 86, 8, 56, '', '2012-05-08'),
(457, 25, 58, 163, 'UNPAID', '2008-03-16'),
(458, 201, 53, 144, 'DELIVERED', '2009-03-23'),
(459, 167, 60, 3, 'UNPAID', '2007-11-25'),
(460, 110, 1, 256, 'PAID', '2001-01-11'),
(461, 34, 29, 191, 'UNPAID', '2004-03-07'),
(462, 479, 26, 237, 'PAID', '2002-04-01'),
(463, 445, 32, 254, 'PAID', '2005-11-12'),
(464, 476, 49, 94, 'UNPAID', '2009-02-17'),
(465, 428, 14, 287, '', '2008-08-02'),
(466, 473, 51, 87, '', '2002-01-10'),
(467, 186, 23, 107, 'PAID', '2010-03-15'),
(468, 111, 4, 287, 'UNPAID', '2010-04-11'),
(469, 271, 29, 295, 'PROCESSING', '2008-12-11'),
(470, 135, 35, 129, 'PAID', '2003-09-06'),
(471, 230, 52, 153, '', '2001-11-04'),
(472, 469, 5, 201, 'UNPAID', '2001-08-11'),
(473, 449, 58, 231, 'PROCESSING', '2004-09-25'),
(474, 467, 45, 78, 'PAID', '2002-09-13'),
(475, 252, 27, 194, '', '2002-02-24'),
(476, 159, 1, 290, 'PAID', '2000-08-13'),
(477, 93, 17, 252, 'UNPAID', '2001-08-16'),
(478, 228, 24, 139, 'PROCESSING', '2000-09-18'),
(479, 126, 27, 32, 'DELIVERED', '2010-09-22'),
(480, 2, 59, 176, 'PAID', '2011-07-17'),
(481, 484, 12, 21, 'UNPAID', '2005-11-08'),
(482, 287, 34, 256, 'UNPAID', '2011-04-14'),
(483, 446, 3, 32, 'UNPAID', '2005-03-27'),
(484, 126, 63, 207, 'PAID', '2011-04-17'),
(485, 377, 54, 58, 'DELIVERED', '2000-04-27'),
(486, 220, 11, 65, 'UNPAID', '2008-01-03'),
(487, 267, 25, 164, 'PROCESSING', '2005-08-18'),
(488, 423, 57, 166, 'UNPAID', '2010-03-11'),
(489, 333, 34, 290, 'PROCESSING', '2004-02-06'),
(490, 172, 27, 41, 'DELIVERED', '2007-05-24'),
(491, 126, 27, 274, '', '2010-06-08'),
(492, 105, 8, 262, 'UNPAID', '2012-06-06'),
(493, 389, 44, 173, 'PROCESSING', '2002-07-26'),
(494, 257, 46, 37, '', '2001-04-19'),
(495, 336, 40, 151, '', '2000-05-21'),
(496, 401, 57, 299, 'UNPAID', '2012-11-03'),
(497, 469, 19, 91, 'DELIVERED', '2012-11-07'),
(498, 69, 27, 41, 'DELIVERED', '2001-04-15'),
(499, 104, 34, 62, '', '2001-09-24'),
(500, 68, 8, 174, '', '2012-07-28'),
(501, 478, 29, 27, '', '2009-05-19'),
(502, 337, 18, 269, '', '2008-01-14'),
(503, 385, 19, 7, '', '2010-03-25'),
(504, 448, 61, 219, 'UNPAID', '2000-04-01'),
(505, 19, 58, 298, 'UNPAID', '2004-01-27'),
(506, 23, 31, 186, 'DELIVERED', '2009-07-16'),
(507, 205, 36, 14, 'PAID', '2010-01-06'),
(508, 306, 20, 26, 'PROCESSING', '2002-10-17'),
(509, 132, 8, 180, 'PAID', '2012-08-09'),
(510, 154, 44, 79, 'PAID', '2001-11-03'),
(511, 432, 26, 195, 'PAID', '2012-09-14'),
(512, 374, 50, 209, 'PAID', '2000-10-26'),
(513, 135, 39, 155, 'PROCESSING', '2009-02-24'),
(514, 349, 46, 52, 'UNPAID', '2004-06-11'),
(515, 253, 21, 142, 'PAID', '2009-02-20'),
(516, 312, 53, 59, 'PAID', '2007-11-22'),
(517, 306, 44, 212, '', '2003-03-13'),
(518, 481, 22, 88, 'DELIVERED', '2000-06-21'),
(519, 198, 59, 30, '', '2002-07-09'),
(520, 444, 45, 3, 'PROCESSING', '2006-03-27'),
(521, 38, 7, 216, 'DELIVERED', '2009-06-17'),
(522, 15, 42, 13, 'UNPAID', '2012-04-20'),
(523, 4, 52, 127, 'PROCESSING', '2008-07-10'),
(524, 439, 7, 193, 'DELIVERED', '2010-08-10'),
(525, 142, 56, 83, 'PAID', '2012-12-02'),
(526, 349, 28, 199, 'DELIVERED', '2000-09-22'),
(527, 17, 3, 137, 'UNPAID', '2010-11-13'),
(528, 257, 26, 235, 'PROCESSING', '2006-06-07'),
(529, 135, 5, 166, 'PROCESSING', '2012-10-26'),
(530, 431, 54, 298, 'PROCESSING', '2003-08-10'),
(531, 144, 24, 25, 'PAID', '2005-07-11'),
(532, 111, 27, 247, 'DELIVERED', '2010-08-05'),
(533, 148, 2, 115, 'PROCESSING', '2001-12-04'),
(534, 19, 50, 20, '', '2007-01-15'),
(535, 399, 47, 252, 'UNPAID', '2000-12-13'),
(536, 226, 30, 242, 'DELIVERED', '2011-08-13'),
(537, 334, 16, 181, '', '2003-12-16'),
(538, 182, 60, 209, 'PROCESSING', '2008-10-10'),
(539, 125, 53, 250, 'UNPAID', '2006-09-05'),
(540, 290, 39, 183, 'UNPAID', '2000-05-21'),
(541, 449, 3, 53, 'PROCESSING', '2003-10-17'),
(542, 265, 50, 41, '', '2008-10-09'),
(543, 172, 39, 194, 'DELIVERED', '2005-06-19'),
(544, 455, 10, 254, 'PROCESSING', '2009-06-16'),
(545, 381, 57, 93, 'DELIVERED', '2011-06-09'),
(546, 91, 17, 260, 'DELIVERED', '2000-01-18'),
(547, 339, 55, 286, 'UNPAID', '2005-08-19'),
(548, 404, 5, 95, 'DELIVERED', '2002-02-08'),
(549, 465, 40, 251, 'DELIVERED', '2006-02-12'),
(550, 192, 41, 211, 'PROCESSING', '2011-07-09'),
(551, 442, 37, 281, 'PROCESSING', '2005-11-18'),
(552, 402, 32, 84, 'DELIVERED', '2007-08-12'),
(553, 378, 50, 200, 'DELIVERED', '2004-06-13'),
(554, 417, 42, 257, 'PAID', '2003-07-23'),
(555, 74, 9, 36, 'UNPAID', '2008-01-18'),
(556, 44, 62, 83, '', '2005-07-16'),
(557, 479, 10, 285, 'DELIVERED', '2011-08-14'),
(558, 131, 8, 272, 'UNPAID', '2009-10-11'),
(559, 11, 21, 54, 'UNPAID', '2005-04-07'),
(560, 66, 23, 260, 'PAID', '2003-02-04'),
(561, 351, 45, 206, 'DELIVERED', '2010-08-13'),
(562, 358, 16, 272, '', '2004-10-04'),
(563, 54, 38, 143, 'UNPAID', '2011-08-09'),
(564, 165, 62, 159, 'PROCESSING', '2003-05-20'),
(565, 292, 35, 248, 'PAID', '2002-07-01'),
(566, 27, 10, 134, 'DELIVERED', '2005-05-22'),
(567, 363, 11, 269, '', '2009-05-28'),
(568, 308, 2, 87, '', '2012-10-13'),
(569, 137, 14, 38, '', '2009-12-06'),
(570, 471, 30, 58, 'UNPAID', '2007-08-23'),
(571, 483, 65, 174, 'DELIVERED', '2001-06-17'),
(572, 433, 55, 168, 'PROCESSING', '2011-11-14'),
(573, 415, 43, 273, 'UNPAID', '2011-01-28'),
(574, 298, 65, 56, 'PROCESSING', '2005-05-17'),
(575, 22, 1, 114, 'UNPAID', '2012-12-22'),
(576, 70, 29, 99, 'UNPAID', '2003-11-15'),
(577, 73, 48, 4, '', '2005-12-04'),
(578, 127, 63, 35, '', '2012-04-13'),
(579, 191, 44, 4, 'PROCESSING', '2008-05-13'),
(580, 332, 23, 64, '', '2010-07-24'),
(581, 30, 28, 114, 'PAID', '2002-05-06'),
(582, 269, 20, 96, '', '2003-06-19'),
(583, 102, 48, 32, 'PROCESSING', '2005-02-01'),
(584, 42, 34, 146, 'DELIVERED', '2011-09-17'),
(585, 315, 16, 127, 'DELIVERED', '2008-10-26'),
(586, 404, 13, 33, 'PAID', '2006-06-06'),
(587, 371, 56, 256, '', '2007-12-16'),
(588, 488, 5, 175, 'UNPAID', '2007-01-24'),
(589, 219, 50, 126, 'UNPAID', '2000-11-23'),
(590, 329, 42, 210, 'PROCESSING', '2010-10-25'),
(591, 155, 16, 14, 'UNPAID', '2001-11-01'),
(592, 337, 56, 178, 'DELIVERED', '2012-03-22'),
(593, 253, 16, 180, '', '2000-01-02'),
(594, 7, 56, 253, 'DELIVERED', '2006-07-05'),
(595, 158, 23, 13, 'DELIVERED', '2007-02-20'),
(596, 335, 64, 224, 'PAID', '2010-05-02'),
(597, 376, 33, 243, 'PAID', '2009-05-07'),
(598, 371, 28, 89, 'DELIVERED', '2003-02-13'),
(599, 385, 45, 190, 'UNPAID', '2000-09-21'),
(600, 300, 50, 136, 'PAID', '2009-03-19'),
(601, 283, 35, 214, 'PAID', '2000-07-18'),
(602, 386, 61, 262, 'PROCESSING', '2004-03-09'),
(603, 317, 20, 231, 'PROCESSING', '2012-05-16'),
(604, 5, 5, 85, 'DELIVERED', '2010-09-26'),
(605, 279, 61, 174, 'UNPAID', '2005-04-14'),
(606, 245, 53, 35, 'PAID', '2009-12-24'),
(607, 52, 10, 44, 'DELIVERED', '2005-11-06'),
(608, 216, 21, 216, 'PROCESSING', '2004-12-02'),
(609, 102, 48, 296, 'DELIVERED', '2008-07-26'),
(610, 61, 56, 123, 'DELIVERED', '2008-07-26'),
(611, 202, 33, 222, 'PROCESSING', '2008-11-08'),
(612, 56, 52, 135, 'PROCESSING', '2001-03-01'),
(613, 237, 11, 22, 'DELIVERED', '2011-01-13'),
(614, 277, 41, 116, 'DELIVERED', '2006-10-09'),
(615, 69, 21, 65, 'PROCESSING', '2010-12-02'),
(616, 234, 55, 101, 'PROCESSING', '2008-10-05'),
(617, 357, 62, 44, 'PAID', '2001-03-26'),
(618, 12, 18, 109, 'PROCESSING', '2011-09-08'),
(619, 179, 35, 174, 'PROCESSING', '2011-10-02'),
(620, 329, 49, 37, 'UNPAID', '2007-06-21'),
(621, 100, 16, 266, '', '2002-01-04'),
(622, 155, 17, 13, 'PAID', '2006-05-26'),
(623, 202, 10, 59, 'DELIVERED', '2008-10-08'),
(624, 264, 37, 101, 'PAID', '2004-06-10'),
(625, 437, 60, 29, 'UNPAID', '2002-12-01'),
(626, 171, 1, 50, 'DELIVERED', '2003-03-01'),
(627, 381, 40, 279, 'UNPAID', '2009-02-27'),
(628, 218, 59, 73, '', '2006-07-06'),
(629, 384, 3, 164, 'DELIVERED', '2012-08-22'),
(630, 51, 41, 237, 'PROCESSING', '2008-12-04'),
(631, 437, 11, 36, 'DELIVERED', '2009-01-24'),
(632, 258, 11, 247, '', '2000-01-27'),
(633, 262, 42, 43, 'PAID', '2008-09-28'),
(634, 306, 22, 227, 'DELIVERED', '2012-07-05'),
(635, 287, 33, 88, 'PROCESSING', '2008-05-05'),
(636, 209, 30, 1, '', '2008-10-26'),
(637, 338, 58, 262, 'PAID', '2006-01-16'),
(638, 101, 46, 159, '', '2000-04-16'),
(639, 483, 54, 221, 'PROCESSING', '2004-01-02'),
(640, 480, 29, 58, 'PROCESSING', '2011-03-10'),
(641, 253, 1, 83, 'PAID', '2011-02-12'),
(642, 210, 11, 290, 'DELIVERED', '2011-06-13'),
(643, 440, 51, 6, '', '2007-10-13'),
(644, 452, 51, 150, '', '2002-09-09'),
(645, 53, 58, 197, 'DELIVERED', '2011-12-24'),
(646, 389, 6, 76, 'PAID', '2003-03-24'),
(647, 54, 47, 95, 'UNPAID', '2006-04-25'),
(648, 42, 6, 103, 'UNPAID', '2011-11-26'),
(649, 38, 35, 62, 'UNPAID', '2005-11-23'),
(650, 145, 52, 189, 'UNPAID', '2011-11-09'),
(651, 57, 7, 49, 'PAID', '2010-06-07'),
(652, 144, 53, 37, 'PAID', '2011-06-11'),
(653, 368, 20, 87, '', '2010-06-01'),
(654, 111, 24, 245, 'PROCESSING', '2001-06-18'),
(655, 10, 22, 275, 'UNPAID', '2005-01-11'),
(656, 113, 36, 178, 'PROCESSING', '2004-09-26'),
(657, 121, 12, 86, '', '2006-07-24'),
(658, 146, 5, 250, 'PROCESSING', '2005-08-02'),
(659, 279, 6, 196, 'PROCESSING', '2005-07-21'),
(660, 411, 42, 25, 'UNPAID', '2002-09-17'),
(661, 268, 26, 147, 'DELIVERED', '2007-10-23'),
(662, 17, 23, 184, 'PAID', '2005-06-24'),
(663, 411, 7, 270, 'PROCESSING', '2002-07-28'),
(664, 294, 8, 214, 'PROCESSING', '2009-10-15'),
(665, 463, 31, 28, 'PROCESSING', '2011-07-08'),
(666, 202, 23, 22, 'PROCESSING', '2009-09-22'),
(667, 58, 9, 189, '', '2002-07-11'),
(668, 199, 5, 106, 'UNPAID', '2002-01-13'),
(669, 464, 56, 283, '', '2004-01-11'),
(670, 85, 40, 199, 'PROCESSING', '2012-09-01'),
(671, 327, 28, 242, 'DELIVERED', '2007-06-21'),
(672, 375, 63, 29, 'UNPAID', '2000-06-05'),
(673, 112, 34, 184, 'UNPAID', '2004-07-02'),
(674, 340, 39, 134, '', '2002-02-13'),
(675, 82, 55, 144, '', '2003-04-18'),
(676, 393, 47, 106, 'PROCESSING', '2008-06-21'),
(677, 352, 59, 273, '', '2005-07-04'),
(678, 382, 5, 55, 'PROCESSING', '2008-08-10'),
(679, 426, 48, 236, 'UNPAID', '2007-04-25'),
(680, 409, 36, 145, 'DELIVERED', '2003-11-06'),
(681, 464, 19, 282, 'DELIVERED', '2002-11-17'),
(682, 289, 24, 218, 'PAID', '2005-11-24'),
(683, 53, 35, 53, '', '2003-12-01'),
(684, 416, 15, 263, 'DELIVERED', '2010-05-09'),
(685, 21, 13, 157, '', '2006-06-19'),
(686, 321, 20, 77, 'PAID', '2008-12-18'),
(687, 54, 58, 135, 'PAID', '2005-08-06'),
(688, 344, 38, 61, 'PROCESSING', '2010-01-07'),
(689, 288, 29, 166, 'DELIVERED', '2008-01-18'),
(690, 50, 35, 80, 'DELIVERED', '2010-07-28'),
(691, 246, 33, 183, 'DELIVERED', '2005-01-24'),
(692, 403, 45, 5, 'PROCESSING', '2003-03-02'),
(693, 38, 19, 91, 'DELIVERED', '2009-11-09'),
(694, 173, 61, 272, 'PROCESSING', '2005-03-06'),
(695, 143, 45, 64, 'DELIVERED', '2002-10-12'),
(696, 286, 58, 68, 'PROCESSING', '2007-03-26'),
(697, 403, 30, 299, '', '2009-04-16'),
(698, 233, 10, 256, '', '2001-10-08'),
(699, 264, 61, 149, '', '2008-09-18'),
(700, 397, 35, 6, 'PAID', '2005-03-23'),
(701, 470, 32, 217, 'DELIVERED', '2012-09-20'),
(702, 337, 2, 73, 'UNPAID', '2002-02-28'),
(703, 122, 56, 81, 'DELIVERED', '2010-10-18'),
(704, 197, 31, 70, 'PAID', '2012-03-17'),
(705, 193, 32, 121, 'PAID', '2012-02-04'),
(706, 446, 55, 245, 'PROCESSING', '2011-01-22'),
(707, 14, 10, 223, 'PAID', '2000-01-02'),
(708, 386, 51, 203, 'UNPAID', '2003-11-12'),
(709, 115, 10, 2, 'DELIVERED', '2008-05-28'),
(710, 301, 35, 34, 'PROCESSING', '2004-12-04'),
(711, 114, 64, 263, 'PAID', '2001-08-15'),
(712, 68, 42, 179, '', '2005-04-04'),
(713, 319, 12, 155, '', '2004-07-15'),
(714, 473, 61, 147, 'PROCESSING', '2005-08-03'),
(715, 407, 35, 67, 'UNPAID', '2006-02-09'),
(716, 317, 47, 256, 'DELIVERED', '2004-06-20'),
(717, 368, 47, 247, 'PAID', '2011-05-08'),
(718, 102, 56, 238, 'UNPAID', '2010-04-21'),
(719, 117, 58, 256, 'UNPAID', '2005-01-04'),
(720, 456, 11, 134, 'PROCESSING', '2011-04-11'),
(721, 110, 49, 21, '', '2005-11-11'),
(722, 167, 15, 197, 'PROCESSING', '2001-06-21'),
(723, 421, 48, 141, 'UNPAID', '2008-04-05'),
(724, 16, 26, 88, '', '2007-09-16'),
(725, 213, 3, 269, 'DELIVERED', '2010-12-18'),
(726, 115, 56, 2, 'PROCESSING', '2000-08-04'),
(727, 77, 7, 251, 'UNPAID', '2010-04-04'),
(728, 223, 41, 82, 'PROCESSING', '2000-07-13'),
(729, 278, 20, 296, '', '2004-11-19'),
(730, 57, 55, 87, 'PAID', '2009-04-26'),
(731, 380, 62, 13, '', '2000-11-27'),
(732, 440, 12, 17, 'PAID', '2010-04-24'),
(733, 399, 58, 87, 'PAID', '2002-04-11'),
(734, 259, 11, 11, 'DELIVERED', '2012-04-28'),
(735, 342, 41, 275, 'PROCESSING', '2007-12-12'),
(736, 307, 55, 103, 'PROCESSING', '2000-05-25'),
(737, 401, 47, 215, 'DELIVERED', '2007-01-01'),
(738, 394, 18, 117, 'PAID', '2005-06-28'),
(739, 212, 49, 290, 'UNPAID', '2004-11-17'),
(740, 455, 55, 299, 'PROCESSING', '2008-05-03'),
(741, 335, 48, 286, 'PROCESSING', '2005-08-04'),
(742, 33, 44, 43, '', '2012-07-06'),
(743, 185, 62, 53, '', '2009-02-27'),
(744, 28, 2, 160, '', '2011-07-16'),
(745, 257, 57, 185, 'PAID', '2007-07-20'),
(746, 26, 16, 253, 'UNPAID', '2011-12-28'),
(747, 417, 33, 58, 'PAID', '2005-05-01'),
(748, 75, 33, 292, 'PAID', '2006-07-06'),
(749, 188, 2, 220, '', '2011-05-04'),
(750, 242, 60, 247, 'PROCESSING', '2001-08-19'),
(751, 27, 42, 196, '', '2001-11-04'),
(752, 298, 14, 50, 'DELIVERED', '2009-02-28'),
(753, 119, 42, 49, 'DELIVERED', '2008-11-15'),
(754, 277, 16, 194, 'UNPAID', '2002-06-17'),
(755, 152, 9, 80, 'PAID', '2010-12-08'),
(756, 454, 50, 120, 'PROCESSING', '2012-07-09'),
(757, 336, 46, 78, '', '2004-06-16'),
(758, 5, 21, 25, 'PROCESSING', '2007-09-18'),
(759, 349, 13, 70, 'UNPAID', '2004-06-11'),
(760, 52, 27, 197, 'UNPAID', '2002-01-16'),
(761, 70, 41, 257, '', '2004-02-22'),
(762, 324, 35, 92, 'DELIVERED', '2010-05-07'),
(763, 195, 8, 263, 'UNPAID', '2004-02-04'),
(764, 317, 40, 154, 'DELIVERED', '2000-02-22'),
(765, 92, 15, 104, 'PAID', '2010-03-05'),
(766, 78, 21, 274, '', '2010-03-14'),
(767, 339, 40, 221, 'UNPAID', '2009-08-06'),
(768, 20, 47, 97, 'DELIVERED', '2004-11-13'),
(769, 164, 1, 65, 'PROCESSING', '2002-07-24'),
(770, 30, 50, 2, 'PAID', '2000-12-01'),
(771, 451, 9, 158, 'DELIVERED', '2009-04-20'),
(772, 229, 57, 268, 'PROCESSING', '2007-03-06'),
(773, 444, 4, 189, 'PAID', '2000-11-22'),
(774, 135, 27, 183, 'PAID', '2002-08-16'),
(775, 117, 35, 176, 'UNPAID', '2008-02-22'),
(776, 200, 24, 139, '', '2003-05-11'),
(777, 404, 37, 173, 'DELIVERED', '2008-03-28'),
(778, 328, 4, 218, '', '2005-04-08'),
(779, 303, 62, 249, '', '2006-05-01'),
(780, 71, 34, 235, 'PROCESSING', '2011-03-12'),
(781, 64, 39, 243, '', '2002-05-20'),
(782, 383, 39, 194, 'PROCESSING', '2008-05-11'),
(783, 43, 46, 201, 'DELIVERED', '2008-06-16'),
(784, 62, 59, 173, 'PAID', '2005-05-24'),
(785, 158, 39, 75, 'PROCESSING', '2002-01-12'),
(786, 177, 29, 25, 'UNPAID', '2000-09-17'),
(787, 324, 7, 294, 'DELIVERED', '2010-08-13'),
(788, 216, 10, 5, 'PROCESSING', '2000-08-24'),
(789, 235, 62, 197, 'DELIVERED', '2007-11-07'),
(790, 363, 63, 196, 'UNPAID', '2005-09-07'),
(791, 209, 30, 248, 'UNPAID', '2007-10-24'),
(792, 169, 30, 87, 'DELIVERED', '2007-04-10'),
(793, 317, 59, 56, 'UNPAID', '2010-11-26'),
(794, 188, 49, 53, 'UNPAID', '2009-10-07'),
(795, 52, 37, 138, 'PROCESSING', '2000-04-18'),
(796, 276, 6, 136, '', '2007-09-20'),
(797, 70, 3, 13, 'DELIVERED', '2012-03-26'),
(798, 379, 5, 252, 'UNPAID', '2010-01-08'),
(799, 255, 55, 149, 'DELIVERED', '2005-12-05'),
(800, 198, 16, 232, '', '2004-03-25'),
(801, 430, 63, 170, 'UNPAID', '2000-08-23'),
(802, 459, 55, 215, 'DELIVERED', '2011-07-25'),
(803, 353, 37, 42, 'PAID', '2005-08-25'),
(804, 388, 39, 5, 'UNPAID', '2010-10-05'),
(805, 78, 1, 10, 'UNPAID', '2012-08-02'),
(806, 477, 14, 257, '', '2000-07-18'),
(807, 466, 8, 144, 'DELIVERED', '2008-08-26'),
(808, 42, 17, 231, '', '2010-10-02'),
(809, 327, 38, 69, '', '2007-04-25'),
(810, 270, 56, 273, 'PROCESSING', '2000-10-13'),
(811, 56, 22, 14, 'UNPAID', '2005-07-21'),
(812, 68, 9, 193, 'PAID', '2005-05-03'),
(813, 110, 13, 50, '', '2009-05-20'),
(814, 170, 43, 172, '', '2006-06-12'),
(815, 285, 16, 255, 'DELIVERED', '2007-11-22'),
(816, 14, 27, 148, 'UNPAID', '2007-02-11'),
(817, 460, 36, 146, 'UNPAID', '2009-08-02'),
(818, 246, 3, 230, '', '2008-05-21'),
(819, 100, 53, 49, 'DELIVERED', '2000-01-14'),
(820, 308, 59, 71, 'DELIVERED', '2004-09-23'),
(821, 426, 56, 63, '', '2005-09-28'),
(822, 67, 23, 6, 'DELIVERED', '2004-10-14'),
(823, 37, 8, 68, 'PAID', '2012-05-02'),
(824, 484, 26, 162, 'DELIVERED', '2003-10-08'),
(825, 301, 33, 28, 'PROCESSING', '2004-04-09'),
(826, 372, 65, 78, '', '2004-04-15'),
(827, 352, 4, 4, 'DELIVERED', '2002-03-02'),
(828, 55, 41, 39, 'UNPAID', '2000-09-20'),
(829, 153, 29, 295, '', '2012-01-12'),
(830, 146, 25, 208, 'UNPAID', '2004-12-27'),
(831, 342, 15, 144, 'PROCESSING', '2003-06-06'),
(832, 230, 48, 83, 'PROCESSING', '2004-05-19'),
(833, 179, 5, 117, 'DELIVERED', '2006-05-17'),
(834, 222, 29, 1, 'DELIVERED', '2010-09-23'),
(835, 85, 42, 227, '', '2011-03-08'),
(836, 80, 48, 148, 'DELIVERED', '2005-10-06'),
(837, 393, 11, 267, 'UNPAID', '2003-04-24'),
(838, 369, 42, 131, 'PAID', '2001-06-27'),
(839, 438, 9, 227, 'UNPAID', '2010-07-27'),
(840, 318, 49, 66, '', '2006-09-13'),
(841, 451, 31, 196, 'DELIVERED', '2008-07-25'),
(842, 434, 53, 218, 'DELIVERED', '2005-02-24'),
(843, 265, 39, 238, 'PROCESSING', '2009-07-14'),
(844, 249, 4, 130, 'UNPAID', '2010-08-28'),
(845, 132, 24, 122, 'UNPAID', '2010-01-26'),
(846, 236, 39, 240, 'PAID', '2005-07-01'),
(847, 424, 45, 253, 'PROCESSING', '2003-08-24'),
(848, 7, 12, 101, 'PROCESSING', '2003-10-19'),
(849, 22, 28, 192, 'PAID', '2010-01-15'),
(850, 300, 7, 124, 'UNPAID', '2009-03-13'),
(851, 53, 48, 138, '', '2005-04-11'),
(852, 342, 61, 64, 'DELIVERED', '2001-07-07'),
(853, 179, 21, 271, 'PROCESSING', '2009-07-21'),
(854, 247, 39, 66, 'UNPAID', '2008-08-06'),
(855, 192, 55, 200, 'PROCESSING', '2007-02-14'),
(856, 482, 28, 254, 'DELIVERED', '2004-01-11'),
(857, 239, 40, 185, '', '2011-07-08'),
(858, 313, 4, 294, 'UNPAID', '2008-03-08'),
(859, 167, 54, 139, 'DELIVERED', '2008-02-07'),
(860, 116, 17, 209, 'PAID', '2008-07-26'),
(861, 19, 39, 85, 'PROCESSING', '2002-11-11'),
(862, 53, 27, 191, 'DELIVERED', '2006-08-25'),
(863, 59, 53, 43, 'PROCESSING', '2008-08-06'),
(864, 152, 48, 125, 'PROCESSING', '2012-02-22'),
(865, 319, 43, 197, 'DELIVERED', '2003-12-06'),
(866, 215, 55, 177, 'PROCESSING', '2003-03-09'),
(867, 354, 55, 54, '', '2008-04-09'),
(868, 144, 60, 147, 'DELIVERED', '2008-11-05'),
(869, 308, 1, 273, 'PAID', '2008-07-28'),
(870, 445, 33, 54, 'PAID', '2004-10-25'),
(871, 288, 65, 55, 'PAID', '2010-05-05'),
(872, 236, 45, 136, 'DELIVERED', '2007-12-11'),
(873, 125, 55, 158, '', '2011-06-05'),
(874, 257, 65, 38, 'PROCESSING', '2006-04-22'),
(875, 412, 5, 200, 'PROCESSING', '2000-11-21'),
(876, 437, 14, 265, 'PAID', '2011-04-05'),
(877, 241, 18, 157, 'DELIVERED', '2001-01-18'),
(878, 480, 32, 236, 'PROCESSING', '2006-11-27'),
(879, 482, 14, 213, '', '2003-05-07'),
(880, 171, 15, 295, 'PAID', '2005-11-18'),
(881, 155, 13, 227, '', '2006-04-16'),
(882, 288, 22, 53, 'PROCESSING', '2010-12-02'),
(883, 140, 57, 300, 'PAID', '2001-09-03'),
(884, 183, 6, 103, 'DELIVERED', '2003-04-27'),
(885, 357, 13, 172, 'UNPAID', '2005-04-24'),
(886, 419, 40, 120, 'PROCESSING', '2012-07-01'),
(887, 359, 35, 22, 'UNPAID', '2005-01-08'),
(888, 243, 51, 113, '', '2011-09-17'),
(889, 77, 3, 165, '', '2002-02-26'),
(890, 300, 30, 232, 'PROCESSING', '2000-03-26'),
(891, 480, 49, 273, 'DELIVERED', '2003-12-21'),
(892, 339, 4, 4, 'UNPAID', '2010-05-02'),
(893, 335, 7, 193, '', '2001-03-21'),
(894, 180, 21, 195, '', '2009-06-13'),
(895, 400, 39, 105, 'DELIVERED', '2004-04-15'),
(896, 305, 16, 70, 'PAID', '2003-03-14'),
(897, 56, 41, 166, 'DELIVERED', '2009-03-18'),
(898, 428, 26, 108, 'PAID', '2009-01-07'),
(899, 229, 28, 198, 'PAID', '2000-01-03'),
(900, 175, 18, 174, '', '2006-10-09'),
(901, 387, 4, 237, '', '2008-05-20'),
(902, 205, 35, 101, 'PAID', '2012-09-15'),
(903, 308, 46, 225, 'UNPAID', '2001-05-11'),
(904, 71, 27, 134, 'PROCESSING', '2008-01-14'),
(905, 89, 55, 230, '', '2011-07-25'),
(906, 283, 58, 172, '', '2005-11-08'),
(907, 172, 40, 245, '', '2003-07-02'),
(908, 211, 63, 134, 'PROCESSING', '2004-11-03'),
(909, 30, 60, 165, 'PAID', '2009-04-06'),
(910, 316, 56, 25, 'PAID', '2009-08-06'),
(911, 87, 37, 149, 'PROCESSING', '2002-04-15'),
(912, 231, 57, 173, '', '2010-01-14'),
(913, 109, 60, 164, 'PAID', '2010-02-15'),
(914, 285, 27, 219, 'PAID', '2003-10-13'),
(915, 8, 31, 197, 'UNPAID', '2000-02-21'),
(916, 95, 31, 68, 'DELIVERED', '2004-10-16'),
(917, 85, 54, 11, 'PAID', '2009-07-19'),
(918, 275, 44, 59, 'UNPAID', '2001-12-11'),
(919, 168, 48, 243, 'PAID', '2002-06-16'),
(920, 111, 41, 82, 'PROCESSING', '2001-06-03'),
(921, 203, 20, 194, 'PROCESSING', '2001-09-28'),
(922, 417, 18, 196, 'PROCESSING', '2012-11-16'),
(923, 8, 51, 276, 'PAID', '2006-09-21'),
(924, 346, 13, 81, '', '2010-07-10'),
(925, 436, 3, 130, 'PAID', '2004-01-25'),
(926, 219, 50, 259, 'PAID', '2000-07-20'),
(927, 470, 24, 79, '', '2001-03-10'),
(928, 311, 59, 14, 'PAID', '2001-04-08'),
(929, 446, 56, 186, 'DELIVERED', '2011-01-03'),
(930, 103, 9, 296, 'DELIVERED', '2011-11-27'),
(931, 446, 24, 198, '', '2009-12-24'),
(932, 416, 7, 51, 'PROCESSING', '2000-03-23'),
(933, 50, 35, 27, 'UNPAID', '2004-09-23'),
(934, 127, 50, 272, 'PROCESSING', '2011-11-04'),
(935, 381, 49, 23, 'DELIVERED', '2001-09-16'),
(936, 403, 43, 119, 'DELIVERED', '2009-07-05'),
(937, 367, 51, 292, '', '2003-01-25'),
(938, 335, 50, 201, '', '2006-07-12'),
(939, 204, 31, 160, 'UNPAID', '2002-08-25'),
(940, 149, 22, 130, 'UNPAID', '2012-10-23'),
(941, 359, 26, 284, 'PROCESSING', '2002-12-10'),
(942, 231, 64, 58, 'UNPAID', '2009-11-03'),
(943, 135, 29, 151, 'DELIVERED', '2011-01-25'),
(944, 49, 42, 228, 'PROCESSING', '2012-03-15'),
(945, 474, 1, 96, 'DELIVERED', '2005-04-06'),
(946, 279, 12, 154, 'UNPAID', '2002-09-06'),
(947, 445, 37, 86, 'UNPAID', '2012-10-25'),
(948, 437, 54, 226, '', '2006-07-11'),
(949, 218, 46, 276, 'PROCESSING', '2009-03-04'),
(950, 57, 33, 87, 'DELIVERED', '2008-10-21'),
(951, 416, 33, 275, 'DELIVERED', '2000-03-27'),
(952, 28, 65, 243, '', '2010-07-27'),
(953, 135, 5, 99, 'DELIVERED', '2009-03-04'),
(954, 237, 32, 71, 'PROCESSING', '2012-07-08'),
(955, 332, 21, 1, 'PROCESSING', '2010-11-08'),
(956, 435, 8, 65, '', '2001-01-25'),
(957, 446, 38, 249, 'UNPAID', '2008-02-26'),
(958, 206, 27, 9, '', '2011-04-14'),
(959, 432, 52, 234, 'PROCESSING', '2001-10-03'),
(960, 459, 46, 108, '', '2010-07-22'),
(961, 447, 39, 198, '', '2002-06-01'),
(962, 408, 42, 272, 'PAID', '2000-12-05'),
(963, 460, 13, 196, '', '2012-06-11'),
(964, 50, 14, 137, 'UNPAID', '2011-10-25'),
(965, 351, 26, 189, 'DELIVERED', '2012-04-13'),
(966, 82, 51, 136, '', '2005-05-07'),
(967, 228, 19, 121, 'PROCESSING', '2006-01-07'),
(968, 236, 32, 178, 'PROCESSING', '2008-01-18'),
(969, 291, 56, 145, 'PAID', '2003-02-27'),
(970, 116, 26, 115, 'PROCESSING', '2002-10-12'),
(971, 289, 13, 195, 'UNPAID', '2006-01-13'),
(972, 476, 7, 203, 'PROCESSING', '2007-04-01'),
(973, 131, 21, 196, '', '2002-02-05'),
(974, 208, 16, 31, 'DELIVERED', '2008-06-02'),
(975, 397, 21, 140, 'PAID', '2006-02-13'),
(976, 481, 11, 273, '', '2003-07-12'),
(977, 412, 56, 131, 'UNPAID', '2002-02-28'),
(978, 164, 15, 41, 'DELIVERED', '2005-03-12'),
(979, 47, 47, 144, '', '2000-12-09'),
(980, 261, 4, 227, 'PROCESSING', '2002-08-13'),
(981, 236, 16, 261, 'PAID', '2001-04-12'),
(982, 123, 26, 119, 'PROCESSING', '2007-07-10'),
(983, 30, 50, 228, 'UNPAID', '2006-03-02'),
(984, 250, 12, 109, 'UNPAID', '2003-02-16'),
(985, 224, 51, 6, '', '2000-11-08'),
(986, 53, 13, 207, 'PAID', '2007-01-27'),
(987, 87, 40, 85, 'PAID', '2004-01-11'),
(988, 418, 19, 136, 'PAID', '2005-10-12'),
(989, 343, 61, 287, 'UNPAID', '2009-12-03'),
(990, 356, 56, 106, '', '2000-01-06'),
(991, 302, 8, 40, 'DELIVERED', '2009-05-01'),
(992, 51, 30, 127, '', '2009-11-09'),
(993, 95, 45, 215, '', '2008-09-02'),
(994, 158, 42, 42, 'UNPAID', '2006-06-25'),
(995, 267, 35, 21, 'UNPAID', '2008-03-27'),
(996, 188, 40, 295, 'PROCESSING', '2000-05-13'),
(997, 391, 18, 226, '', '2012-06-25'),
(998, 285, 10, 278, '', '2010-01-27'),
(999, 140, 36, 249, '', '2001-11-28'),
(1000, 360, 7, 282, 'UNPAID', '2009-12-17'),
(1001, 379, 21, 12, 'PROCESSING', '2007-10-16'),
(1002, 274, 18, 132, 'UNPAID', '2005-05-02'),
(1003, 92, 28, 297, 'PROCESSING', '2012-10-09'),
(1004, 30, 47, 86, 'DELIVERED', '2010-03-26'),
(1005, 253, 10, 154, 'PAID', '2005-07-24'),
(1006, 27, 23, 125, 'DELIVERED', '2007-11-22'),
(1007, 6, 14, 238, 'UNPAID', '2008-10-19'),
(1008, 301, 39, 292, 'DELIVERED', '2004-04-14'),
(1009, 58, 32, 115, 'DELIVERED', '2008-11-26'),
(1010, 39, 29, 234, 'UNPAID', '2010-03-21'),
(1011, 197, 3, 149, 'PROCESSING', '2003-04-18'),
(1012, 437, 5, 85, 'PROCESSING', '2008-04-05'),
(1013, 479, 34, 194, 'UNPAID', '2012-01-21'),
(1014, 299, 60, 195, 'DELIVERED', '2004-06-23'),
(1015, 78, 41, 170, 'PROCESSING', '2008-01-28'),
(1016, 448, 23, 174, '', '2005-11-09'),
(1017, 41, 8, 146, 'UNPAID', '2008-02-05'),
(1018, 300, 11, 265, 'PAID', '2000-07-26'),
(1019, 216, 62, 219, 'PROCESSING', '2007-04-05'),
(1020, 112, 24, 38, 'UNPAID', '2009-09-27'),
(1021, 59, 37, 75, 'PAID', '2008-09-08'),
(1022, 146, 57, 125, '', '2000-04-04'),
(1023, 47, 54, 12, 'PROCESSING', '2010-10-04'),
(1024, 172, 4, 87, 'PROCESSING', '2005-05-21'),
(1025, 58, 8, 199, 'PAID', '2008-11-13'),
(1026, 173, 42, 212, 'DELIVERED', '2006-02-16'),
(1027, 259, 28, 207, 'DELIVERED', '2003-09-05'),
(1028, 13, 33, 87, 'PAID', '2007-07-27'),
(1029, 477, 65, 201, 'UNPAID', '2001-04-10'),
(1030, 383, 16, 232, 'UNPAID', '2011-06-22'),
(1031, 192, 39, 103, '', '2000-01-16'),
(1032, 127, 50, 210, 'PAID', '2003-12-19'),
(1033, 400, 37, 184, 'DELIVERED', '2007-04-25'),
(1034, 322, 40, 64, 'PROCESSING', '2011-12-16'),
(1035, 359, 30, 106, 'UNPAID', '2000-09-02'),
(1036, 33, 48, 174, 'PAID', '2006-04-17'),
(1037, 367, 18, 80, 'PROCESSING', '2010-11-10'),
(1038, 186, 11, 71, 'UNPAID', '2009-06-14'),
(1039, 300, 28, 13, 'PAID', '2011-05-13'),
(1040, 460, 6, 151, 'UNPAID', '2010-01-10'),
(1041, 153, 24, 280, 'UNPAID', '2008-03-18'),
(1042, 219, 5, 294, '', '2002-03-25'),
(1043, 486, 43, 100, 'DELIVERED', '2001-05-27'),
(1044, 478, 51, 123, '', '2011-11-26'),
(1045, 336, 65, 72, '', '2004-03-02'),
(1046, 475, 25, 205, 'PROCESSING', '2005-08-07'),
(1047, 329, 58, 30, 'DELIVERED', '2006-06-08'),
(1048, 308, 53, 63, 'DELIVERED', '2007-08-15'),
(1049, 216, 35, 128, 'UNPAID', '2006-08-04'),
(1050, 427, 55, 53, '', '2002-11-08'),
(1051, 319, 34, 147, 'PAID', '2005-08-28'),
(1052, 459, 2, 75, 'PROCESSING', '2010-06-05'),
(1053, 196, 5, 203, '', '2007-02-27'),
(1054, 60, 50, 24, '', '2007-04-24'),
(1055, 395, 8, 25, 'PROCESSING', '2008-07-22'),
(1056, 16, 11, 227, '', '2002-01-15'),
(1057, 488, 30, 209, 'PAID', '2006-05-07'),
(1058, 66, 31, 58, 'PAID', '2003-04-07'),
(1059, 408, 35, 24, 'DELIVERED', '2008-02-03'),
(1060, 135, 48, 260, 'PAID', '2011-08-08'),
(1061, 29, 41, 241, 'UNPAID', '2001-06-13'),
(1062, 302, 57, 203, 'DELIVERED', '2004-11-01'),
(1063, 280, 10, 77, 'PROCESSING', '2008-05-02'),
(1064, 150, 33, 39, 'PROCESSING', '2002-12-25'),
(1065, 53, 40, 47, 'UNPAID', '2003-12-07'),
(1066, 157, 30, 199, '', '2004-05-20'),
(1067, 325, 14, 208, 'PAID', '2004-12-18'),
(1068, 5, 19, 202, 'PAID', '2010-10-25'),
(1069, 489, 52, 233, 'UNPAID', '2005-12-08'),
(1070, 313, 58, 147, '', '2004-02-25'),
(1071, 329, 32, 174, 'PAID', '2009-04-16'),
(1072, 18, 15, 61, 'UNPAID', '2006-11-11'),
(1073, 134, 44, 76, 'PAID', '2006-01-11'),
(1074, 425, 63, 194, 'PROCESSING', '2011-02-13'),
(1075, 95, 19, 106, '', '2009-12-06'),
(1076, 226, 14, 229, 'PROCESSING', '2005-12-16'),
(1077, 450, 55, 271, 'UNPAID', '2006-02-13'),
(1078, 477, 12, 250, '', '2001-06-10'),
(1079, 483, 40, 241, 'UNPAID', '2011-02-02'),
(1080, 321, 6, 73, 'UNPAID', '2003-01-18'),
(1081, 347, 63, 46, 'DELIVERED', '2010-01-23'),
(1082, 154, 14, 83, 'PAID', '2005-02-04'),
(1083, 257, 38, 140, 'PROCESSING', '2002-04-20'),
(1084, 39, 28, 220, 'DELIVERED', '2006-12-24'),
(1085, 391, 64, 139, 'PROCESSING', '2012-08-04'),
(1086, 366, 44, 283, 'UNPAID', '2011-03-10'),
(1087, 128, 22, 141, 'DELIVERED', '2011-12-09'),
(1088, 49, 13, 295, 'UNPAID', '2008-09-26'),
(1089, 64, 45, 229, '', '2008-03-13'),
(1090, 295, 55, 168, 'PAID', '2006-07-12'),
(1091, 184, 47, 225, 'DELIVERED', '2000-03-12'),
(1092, 465, 10, 214, 'UNPAID', '2004-09-07'),
(1093, 475, 27, 42, 'UNPAID', '2001-11-01'),
(1094, 365, 8, 137, 'PAID', '2012-01-20'),
(1095, 222, 34, 29, '', '2002-11-13'),
(1096, 132, 4, 264, 'PAID', '2002-08-08'),
(1097, 272, 19, 147, 'PROCESSING', '2008-08-18'),
(1098, 378, 34, 193, 'PROCESSING', '2008-02-25'),
(1099, 290, 7, 166, 'UNPAID', '2008-08-25'),
(1100, 415, 32, 99, 'UNPAID', '2007-03-10'),
(1101, 370, 52, 179, 'PAID', '2001-02-24'),
(1102, 374, 47, 135, 'PROCESSING', '2003-02-02'),
(1103, 429, 13, 273, 'PROCESSING', '2003-06-15'),
(1104, 449, 7, 113, 'DELIVERED', '2007-09-25'),
(1105, 69, 60, 63, '', '2009-10-06'),
(1106, 388, 58, 11, 'PROCESSING', '2007-06-03'),
(1107, 407, 38, 41, 'DELIVERED', '2009-01-05'),
(1108, 30, 33, 203, '', '2007-01-21'),
(1109, 97, 50, 184, 'PAID', '2008-10-07'),
(1110, 190, 41, 132, 'UNPAID', '2006-06-21'),
(1111, 52, 63, 246, '', '2006-12-18'),
(1112, 144, 65, 243, 'PAID', '2006-06-10'),
(1113, 52, 35, 19, 'PAID', '2003-09-18'),
(1114, 475, 32, 263, 'PAID', '2001-04-15'),
(1115, 304, 52, 80, 'DELIVERED', '2009-01-19'),
(1116, 132, 3, 90, 'PROCESSING', '2000-02-26'),
(1117, 264, 39, 72, 'DELIVERED', '2001-04-27'),
(1118, 207, 64, 177, 'PAID', '2006-06-21'),
(1119, 282, 51, 84, 'UNPAID', '2007-07-26'),
(1120, 150, 41, 173, 'PROCESSING', '2008-11-04'),
(1121, 343, 64, 15, 'PAID', '2007-04-25'),
(1122, 339, 39, 248, 'UNPAID', '2007-05-15'),
(1123, 12, 58, 75, 'PROCESSING', '2008-07-23'),
(1124, 110, 5, 212, 'PROCESSING', '2008-04-03'),
(1125, 174, 10, 73, 'UNPAID', '2001-04-09'),
(1126, 341, 38, 51, 'PAID', '2002-12-14'),
(1127, 357, 27, 1, 'DELIVERED', '2003-04-10'),
(1128, 465, 51, 42, 'UNPAID', '2011-11-20'),
(1129, 265, 9, 242, '', '2003-01-27'),
(1130, 200, 22, 72, 'UNPAID', '2011-05-14'),
(1131, 41, 27, 296, '', '2010-12-16'),
(1132, 51, 16, 273, 'UNPAID', '2000-01-07'),
(1133, 425, 58, 278, 'PROCESSING', '2000-09-09'),
(1134, 144, 51, 75, 'DELIVERED', '2001-06-23'),
(1135, 15, 59, 87, 'UNPAID', '2003-04-26'),
(1136, 55, 17, 145, 'PAID', '2006-05-08'),
(1137, 255, 29, 147, 'PAID', '2004-05-23'),
(1138, 167, 10, 27, 'DELIVERED', '2012-05-10'),
(1139, 20, 54, 41, 'UNPAID', '2009-06-06'),
(1140, 6, 46, 32, 'UNPAID', '2012-08-10'),
(1141, 223, 64, 181, '', '2005-02-11'),
(1142, 358, 33, 45, 'UNPAID', '2008-03-20'),
(1143, 284, 38, 11, 'DELIVERED', '2005-03-20'),
(1144, 55, 39, 262, 'UNPAID', '2003-12-07'),
(1145, 117, 37, 175, 'DELIVERED', '2006-03-19'),
(1146, 460, 18, 7, 'DELIVERED', '2010-03-21'),
(1147, 212, 27, 133, 'UNPAID', '2012-06-18'),
(1148, 187, 43, 96, 'PROCESSING', '2003-03-18'),
(1149, 256, 11, 259, 'DELIVERED', '2009-06-13'),
(1150, 124, 41, 35, 'UNPAID', '2011-02-25'),
(1151, 333, 21, 179, 'UNPAID', '2009-01-04'),
(1152, 344, 34, 226, 'UNPAID', '2002-01-17'),
(1153, 195, 17, 57, '', '2005-01-19'),
(1154, 70, 32, 39, 'PAID', '2001-03-17'),
(1155, 8, 25, 133, 'DELIVERED', '2008-01-23'),
(1156, 201, 5, 278, 'UNPAID', '2007-09-06'),
(1157, 367, 49, 231, 'UNPAID', '2000-12-02'),
(1158, 207, 1, 224, 'PROCESSING', '2006-11-27'),
(1159, 299, 8, 163, 'DELIVERED', '2006-12-09'),
(1160, 93, 2, 37, 'PROCESSING', '2001-01-20'),
(1161, 335, 48, 271, 'PROCESSING', '2006-09-17'),
(1162, 232, 41, 193, '', '2008-05-13'),
(1163, 61, 17, 126, 'DELIVERED', '2004-12-10'),
(1164, 428, 62, 202, 'UNPAID', '2012-10-19'),
(1165, 29, 55, 111, 'DELIVERED', '2007-04-05'),
(1166, 19, 62, 225, 'PROCESSING', '2007-05-12'),
(1167, 96, 51, 260, 'PAID', '2000-04-02'),
(1168, 201, 16, 122, 'PAID', '2002-01-10'),
(1169, 73, 57, 1, 'PAID', '2009-05-27'),
(1170, 137, 42, 36, 'PAID', '2007-11-24'),
(1171, 74, 17, 70, 'PAID', '2000-02-19'),
(1172, 34, 25, 214, 'PROCESSING', '2008-02-22'),
(1173, 397, 13, 31, '', '2000-02-05'),
(1174, 382, 31, 33, 'UNPAID', '2001-03-11'),
(1175, 343, 6, 60, '', '2004-06-06'),
(1176, 186, 35, 258, 'PROCESSING', '2011-07-26'),
(1177, 262, 45, 206, 'PAID', '2011-10-09'),
(1178, 465, 58, 139, 'DELIVERED', '2004-07-22'),
(1179, 236, 52, 47, 'UNPAID', '2011-05-01'),
(1180, 116, 51, 67, 'DELIVERED', '2004-01-02'),
(1181, 109, 43, 297, 'DELIVERED', '2004-09-03');
INSERT INTO `orders` (`orders_id`, `clients_id`, `products_id`, `price`, `status`, `o_time`) VALUES
(1182, 109, 30, 120, 'UNPAID', '2004-11-26'),
(1183, 351, 29, 204, 'UNPAID', '2003-11-11'),
(1184, 59, 13, 121, 'PAID', '2012-08-28'),
(1185, 139, 46, 10, 'PROCESSING', '2004-01-08'),
(1186, 339, 46, 108, '', '2001-10-03'),
(1187, 247, 41, 294, 'PAID', '2000-08-12'),
(1188, 138, 33, 236, 'PROCESSING', '2008-03-22'),
(1189, 320, 53, 219, '', '2006-10-13'),
(1190, 424, 51, 209, 'PROCESSING', '2006-01-14'),
(1191, 306, 53, 165, 'UNPAID', '2005-07-10'),
(1192, 232, 13, 227, 'DELIVERED', '2008-07-05'),
(1193, 176, 48, 274, 'UNPAID', '2006-08-27'),
(1194, 22, 26, 114, '', '2002-01-13'),
(1195, 319, 9, 279, 'PAID', '2012-06-12'),
(1196, 176, 1, 224, '', '2002-06-17'),
(1197, 426, 3, 223, 'PAID', '2009-08-07'),
(1198, 146, 20, 54, 'PAID', '2008-07-08'),
(1199, 427, 42, 214, 'PROCESSING', '2009-08-23'),
(1200, 343, 8, 58, 'UNPAID', '2001-12-25'),
(1201, 153, 29, 144, 'UNPAID', '2006-03-12'),
(1202, 117, 57, 193, 'PROCESSING', '2002-10-25'),
(1203, 422, 25, 39, 'DELIVERED', '2000-11-07'),
(1204, 383, 32, 13, 'PROCESSING', '2007-03-16'),
(1205, 353, 11, 128, 'UNPAID', '2007-11-06'),
(1206, 37, 8, 185, 'PAID', '2012-04-24'),
(1207, 81, 6, 218, 'UNPAID', '2005-11-22'),
(1208, 234, 45, 1, 'PAID', '2002-01-21'),
(1209, 379, 18, 81, 'PROCESSING', '2005-09-15'),
(1210, 22, 39, 220, 'UNPAID', '2009-05-13'),
(1211, 350, 40, 84, '', '2008-01-26'),
(1212, 70, 56, 197, 'DELIVERED', '2007-08-25'),
(1213, 353, 46, 183, 'PROCESSING', '2012-11-28'),
(1214, 206, 38, 152, 'PROCESSING', '2002-03-17'),
(1215, 435, 39, 3, 'DELIVERED', '2002-04-14'),
(1216, 430, 19, 115, 'UNPAID', '2001-01-18'),
(1217, 337, 46, 154, 'PROCESSING', '2005-02-26'),
(1218, 185, 65, 265, 'DELIVERED', '2007-05-08'),
(1219, 360, 41, 251, 'DELIVERED', '2002-11-07'),
(1220, 200, 9, 211, 'PAID', '2005-02-09'),
(1221, 275, 8, 282, 'PAID', '2010-06-19'),
(1222, 109, 37, 166, 'PROCESSING', '2007-06-12'),
(1223, 63, 54, 196, '', '2005-06-14'),
(1224, 324, 22, 212, 'UNPAID', '2006-05-10'),
(1225, 432, 33, 196, 'PROCESSING', '2008-08-20'),
(1226, 214, 3, 103, 'DELIVERED', '2007-11-08'),
(1227, 84, 22, 195, 'PAID', '2001-04-05'),
(1228, 289, 51, 193, 'PAID', '2001-05-09'),
(1229, 284, 50, 200, 'PROCESSING', '2003-04-26'),
(1230, 425, 60, 177, 'PAID', '2012-12-27'),
(1231, 275, 54, 65, 'DELIVERED', '2001-11-01'),
(1232, 144, 11, 56, '', '2012-10-04'),
(1233, 30, 12, 135, 'DELIVERED', '2012-02-03'),
(1234, 90, 29, 300, 'UNPAID', '2004-08-10'),
(1235, 143, 34, 93, '', '2004-07-17'),
(1236, 240, 25, 183, 'DELIVERED', '2007-10-19'),
(1237, 239, 41, 240, 'PROCESSING', '2010-03-06'),
(1238, 360, 24, 85, '', '2010-04-28'),
(1239, 64, 57, 95, 'PROCESSING', '2004-08-08'),
(1240, 353, 10, 257, 'PAID', '2006-06-28'),
(1241, 37, 17, 198, 'PROCESSING', '2011-06-04'),
(1242, 334, 46, 88, 'PROCESSING', '2000-07-10'),
(1243, 417, 56, 90, '', '2009-08-12'),
(1244, 47, 16, 202, '', '2005-07-01'),
(1245, 452, 65, 6, '', '2003-09-16'),
(1246, 62, 9, 200, '', '2010-12-07'),
(1247, 441, 35, 167, 'DELIVERED', '2004-11-21'),
(1248, 48, 31, 39, 'UNPAID', '2009-10-01'),
(1249, 48, 22, 10, 'UNPAID', '2004-01-01'),
(1250, 275, 48, 171, 'DELIVERED', '2011-03-14'),
(1251, 345, 13, 215, 'DELIVERED', '2009-04-10'),
(1252, 49, 8, 24, 'UNPAID', '2007-03-11'),
(1253, 146, 1, 119, 'PAID', '2004-06-12'),
(1254, 319, 31, 128, 'PAID', '2002-12-26'),
(1255, 33, 15, 116, 'DELIVERED', '2005-02-11'),
(1256, 67, 24, 217, 'PAID', '2006-10-12'),
(1257, 38, 1, 245, 'PAID', '2000-03-22'),
(1258, 173, 42, 55, 'UNPAID', '2001-08-06'),
(1259, 154, 40, 32, 'PAID', '2010-06-05'),
(1260, 122, 39, 157, 'PAID', '2012-03-18'),
(1261, 220, 4, 14, 'PROCESSING', '2000-11-26'),
(1262, 37, 5, 201, 'PROCESSING', '2009-11-12'),
(1263, 398, 30, 192, 'UNPAID', '2000-09-15'),
(1264, 433, 16, 197, 'UNPAID', '2010-03-15'),
(1265, 383, 28, 40, 'PAID', '2006-03-22'),
(1266, 257, 3, 196, 'PROCESSING', '2001-04-01'),
(1267, 397, 11, 136, 'DELIVERED', '2008-02-21'),
(1268, 331, 54, 76, 'PROCESSING', '2000-11-20'),
(1269, 435, 6, 61, 'DELIVERED', '2006-04-26'),
(1270, 476, 34, 195, 'PROCESSING', '2007-04-03'),
(1271, 321, 41, 35, 'PROCESSING', '2010-07-03'),
(1272, 200, 43, 249, 'UNPAID', '2006-01-18'),
(1273, 269, 64, 99, 'PROCESSING', '2000-07-03'),
(1274, 280, 57, 299, 'PROCESSING', '2004-08-01'),
(1275, 451, 62, 39, 'PROCESSING', '2007-03-02'),
(1276, 172, 53, 36, 'DELIVERED', '2005-12-24'),
(1277, 462, 2, 143, 'PROCESSING', '2000-10-26'),
(1278, 36, 22, 8, 'DELIVERED', '2002-01-06'),
(1279, 278, 44, 67, 'PROCESSING', '2007-05-02'),
(1280, 85, 39, 29, 'PROCESSING', '2005-03-08'),
(1281, 418, 11, 36, 'DELIVERED', '2002-08-08'),
(1282, 93, 26, 63, 'PAID', '2009-03-26'),
(1283, 453, 17, 28, 'PROCESSING', '2011-04-28'),
(1284, 257, 43, 11, 'DELIVERED', '2003-02-07'),
(1285, 314, 23, 150, 'PROCESSING', '2006-08-09'),
(1286, 337, 14, 172, '', '2007-10-04'),
(1287, 163, 1, 14, 'PAID', '2003-02-21'),
(1288, 86, 30, 216, 'DELIVERED', '2001-10-12'),
(1289, 172, 58, 184, '', '2003-02-14'),
(1290, 362, 47, 232, 'PROCESSING', '2012-05-09'),
(1291, 261, 9, 133, '', '2001-06-04'),
(1292, 195, 41, 259, 'PROCESSING', '2000-07-08'),
(1293, 86, 22, 200, 'PROCESSING', '2002-04-15'),
(1294, 225, 25, 300, 'UNPAID', '2001-10-18'),
(1295, 17, 8, 278, 'PROCESSING', '2003-05-12'),
(1296, 185, 56, 164, 'DELIVERED', '2006-05-10'),
(1297, 272, 65, 186, 'DELIVERED', '2004-04-08'),
(1298, 271, 37, 232, 'UNPAID', '2012-10-06'),
(1299, 22, 36, 250, 'UNPAID', '2008-10-18'),
(1300, 441, 9, 22, 'PAID', '2012-08-02'),
(1301, 230, 2, 119, 'UNPAID', '2000-01-22'),
(1302, 169, 20, 3, '', '2011-10-26'),
(1303, 388, 36, 35, '', '2001-12-26'),
(1304, 365, 46, 167, 'DELIVERED', '2010-08-26'),
(1305, 402, 16, 291, 'PAID', '2003-05-09'),
(1306, 139, 25, 20, 'DELIVERED', '2008-01-15'),
(1307, 257, 56, 129, 'PAID', '2005-07-05'),
(1308, 239, 32, 18, 'PAID', '2002-08-25'),
(1309, 13, 16, 238, '', '2006-10-04'),
(1310, 367, 9, 134, 'UNPAID', '2006-07-19'),
(1311, 86, 38, 54, 'DELIVERED', '2005-08-01'),
(1312, 407, 10, 48, 'PAID', '2008-03-16'),
(1313, 407, 54, 126, '', '2000-03-20'),
(1314, 268, 63, 250, 'PAID', '2001-04-10'),
(1315, 292, 51, 294, 'DELIVERED', '2004-02-14'),
(1316, 391, 50, 143, 'DELIVERED', '2011-08-27'),
(1317, 267, 56, 146, 'PAID', '2008-11-07'),
(1318, 365, 8, 279, 'PAID', '2001-10-17'),
(1319, 86, 3, 272, 'DELIVERED', '2010-11-16'),
(1320, 91, 3, 1, '', '2010-06-17'),
(1321, 347, 8, 164, 'PAID', '2012-01-18'),
(1322, 314, 61, 255, 'PAID', '2000-10-19'),
(1323, 65, 35, 77, 'PAID', '2007-02-03'),
(1324, 191, 4, 184, 'PROCESSING', '2001-08-16'),
(1325, 434, 7, 48, 'PROCESSING', '2002-09-24'),
(1326, 83, 48, 140, '', '2008-04-06'),
(1327, 352, 6, 259, '', '2008-02-05'),
(1328, 95, 19, 69, 'PROCESSING', '2004-11-05'),
(1329, 203, 30, 212, 'PAID', '2007-11-25'),
(1330, 373, 37, 220, '', '2003-03-21'),
(1331, 476, 34, 278, 'DELIVERED', '2007-10-15'),
(1332, 111, 59, 208, 'PROCESSING', '2002-12-28'),
(1333, 252, 50, 47, '', '2002-11-07'),
(1334, 380, 48, 35, 'PROCESSING', '2003-11-13'),
(1335, 290, 3, 60, 'PROCESSING', '2007-02-07'),
(1336, 78, 60, 236, 'PAID', '2010-06-23'),
(1337, 490, 26, 241, 'PROCESSING', '2002-12-13'),
(1338, 186, 53, 199, 'UNPAID', '2006-10-20'),
(1339, 407, 41, 47, 'PROCESSING', '2008-05-28'),
(1340, 112, 31, 70, 'PAID', '2004-01-22'),
(1341, 95, 32, 171, 'UNPAID', '2011-05-20'),
(1342, 20, 22, 43, 'PROCESSING', '2001-10-17'),
(1343, 332, 38, 79, 'PROCESSING', '2002-05-26'),
(1344, 431, 50, 273, 'UNPAID', '2003-02-14'),
(1345, 305, 10, 78, '', '2008-10-01'),
(1346, 257, 13, 214, 'PROCESSING', '2006-11-28'),
(1347, 323, 43, 166, 'PAID', '2003-10-24'),
(1348, 218, 15, 230, 'PAID', '2012-09-12'),
(1349, 116, 53, 276, '', '2012-03-19'),
(1350, 297, 1, 204, 'UNPAID', '2002-05-20'),
(1351, 352, 16, 203, 'PAID', '2011-03-20'),
(1352, 68, 3, 166, 'PROCESSING', '2003-04-26'),
(1353, 131, 65, 99, 'PROCESSING', '2010-03-11'),
(1354, 375, 28, 10, 'PAID', '2005-09-15'),
(1355, 306, 7, 59, 'PAID', '2004-11-21'),
(1356, 119, 7, 129, 'PAID', '2001-12-27'),
(1357, 199, 20, 260, 'DELIVERED', '2003-03-05'),
(1358, 42, 29, 161, '', '2011-07-07'),
(1359, 143, 18, 217, '', '2004-11-08'),
(1360, 353, 51, 293, '', '2011-05-10'),
(1361, 6, 26, 91, 'PROCESSING', '2008-02-03'),
(1362, 474, 24, 78, 'UNPAID', '2010-10-26'),
(1363, 325, 24, 37, '', '2008-11-25'),
(1364, 5, 50, 38, 'DELIVERED', '2007-02-20'),
(1365, 205, 33, 9, 'PROCESSING', '2011-04-24'),
(1366, 281, 33, 279, 'PROCESSING', '2011-03-17'),
(1367, 321, 64, 147, 'PAID', '2004-08-08'),
(1368, 475, 30, 42, '', '2002-04-20'),
(1369, 371, 24, 119, 'UNPAID', '2011-06-17'),
(1370, 372, 50, 134, 'PAID', '2003-05-25'),
(1371, 53, 37, 138, 'DELIVERED', '2007-12-03'),
(1372, 430, 37, 105, '', '2000-06-24'),
(1373, 111, 49, 159, '', '2001-12-05'),
(1374, 479, 23, 228, 'DELIVERED', '2001-03-02'),
(1375, 175, 38, 280, 'PROCESSING', '2001-05-07'),
(1376, 333, 22, 92, 'PROCESSING', '2011-08-12'),
(1377, 443, 10, 68, 'UNPAID', '2011-10-04'),
(1378, 490, 44, 80, '', '2000-01-20'),
(1379, 63, 15, 232, 'PROCESSING', '2010-09-27'),
(1380, 462, 7, 52, 'DELIVERED', '2005-06-05'),
(1381, 157, 9, 173, 'PAID', '2003-10-10'),
(1382, 80, 36, 140, 'UNPAID', '2002-09-04'),
(1383, 124, 50, 253, 'PAID', '2012-08-25'),
(1384, 386, 21, 243, 'DELIVERED', '2005-12-10'),
(1385, 411, 30, 157, 'UNPAID', '2007-02-11'),
(1386, 424, 59, 221, 'UNPAID', '2005-03-06'),
(1387, 331, 61, 97, '', '2008-02-09'),
(1388, 327, 51, 50, 'PROCESSING', '2001-12-06'),
(1389, 249, 63, 159, 'PAID', '2005-01-15'),
(1390, 3, 10, 266, '', '2000-08-26'),
(1391, 239, 54, 25, 'UNPAID', '2009-05-03'),
(1392, 213, 38, 118, 'UNPAID', '2004-07-16'),
(1393, 218, 35, 220, '', '2006-04-09'),
(1394, 443, 20, 240, '', '2005-09-22'),
(1395, 242, 20, 203, '', '2001-10-04'),
(1396, 429, 11, 69, 'PAID', '2009-08-12'),
(1397, 40, 12, 288, 'PROCESSING', '2009-09-14'),
(1398, 99, 62, 232, 'UNPAID', '2003-07-01'),
(1399, 347, 17, 238, 'UNPAID', '2007-06-06'),
(1400, 336, 15, 97, 'PROCESSING', '2005-07-25'),
(1401, 59, 12, 84, 'UNPAID', '2004-03-21'),
(1402, 31, 61, 60, 'PAID', '2011-12-11'),
(1403, 64, 36, 115, '', '2010-03-02'),
(1404, 176, 42, 65, 'UNPAID', '2011-07-17'),
(1405, 126, 6, 142, 'PAID', '2003-09-17'),
(1406, 300, 65, 90, 'DELIVERED', '2011-06-27'),
(1407, 386, 31, 92, '', '2000-09-22'),
(1408, 395, 57, 237, 'UNPAID', '2006-01-06'),
(1409, 184, 36, 244, 'DELIVERED', '2008-04-01'),
(1410, 438, 3, 174, 'PROCESSING', '2000-11-05'),
(1411, 456, 25, 34, 'DELIVERED', '2010-06-18'),
(1412, 416, 7, 116, 'DELIVERED', '2012-03-23'),
(1413, 233, 12, 8, '', '2009-11-14'),
(1414, 173, 8, 145, 'PAID', '2002-01-21'),
(1415, 85, 61, 278, 'UNPAID', '2003-01-23'),
(1416, 72, 30, 136, '', '2007-11-19'),
(1417, 260, 1, 140, 'UNPAID', '2002-06-24'),
(1418, 444, 22, 100, 'PAID', '2005-10-15'),
(1419, 296, 57, 75, 'DELIVERED', '2010-03-25'),
(1420, 59, 14, 209, 'PAID', '2008-02-08'),
(1421, 109, 64, 272, 'DELIVERED', '2012-05-22'),
(1422, 87, 56, 184, 'UNPAID', '2002-12-10'),
(1423, 312, 50, 252, 'PAID', '2008-02-01'),
(1424, 219, 17, 268, 'PROCESSING', '2005-08-24'),
(1425, 61, 48, 27, 'PAID', '2009-12-03'),
(1426, 348, 24, 257, '', '2002-06-28'),
(1427, 204, 27, 92, 'UNPAID', '2002-02-09'),
(1428, 394, 15, 91, 'PAID', '2006-03-23'),
(1429, 461, 51, 192, 'UNPAID', '2006-09-12'),
(1430, 114, 47, 152, '', '2001-05-24'),
(1431, 153, 54, 238, 'DELIVERED', '2003-02-22'),
(1432, 199, 16, 21, 'PAID', '2005-05-13'),
(1433, 461, 37, 80, '', '2004-11-27'),
(1434, 420, 42, 106, 'UNPAID', '2004-11-01'),
(1435, 215, 15, 257, 'DELIVERED', '2000-08-14'),
(1436, 139, 49, 77, 'DELIVERED', '2012-04-26'),
(1437, 213, 45, 106, 'PAID', '2003-08-08'),
(1438, 293, 35, 60, 'PROCESSING', '2002-07-16'),
(1439, 251, 27, 172, '', '2008-06-20'),
(1440, 331, 5, 53, '', '2010-06-19'),
(1441, 384, 49, 163, 'PAID', '2005-11-17'),
(1442, 342, 34, 254, 'PAID', '2000-01-21'),
(1443, 96, 39, 88, 'DELIVERED', '2012-11-19'),
(1444, 308, 19, 106, 'PAID', '2004-07-08'),
(1445, 79, 63, 272, '', '2009-06-05'),
(1446, 74, 23, 226, '', '2011-08-04'),
(1447, 437, 42, 267, 'UNPAID', '2002-03-23'),
(1448, 112, 3, 134, '', '2004-10-05'),
(1449, 333, 22, 125, '', '2003-04-22'),
(1450, 486, 50, 284, 'UNPAID', '2001-09-28'),
(1451, 471, 19, 39, '', '2012-01-27'),
(1452, 77, 13, 219, 'PAID', '2003-03-07'),
(1453, 277, 64, 119, 'PAID', '2003-10-03'),
(1454, 283, 9, 260, 'PROCESSING', '2011-10-20'),
(1455, 489, 33, 209, '', '2010-10-23'),
(1456, 354, 55, 224, '', '2000-06-08'),
(1457, 138, 43, 152, '', '2008-11-03'),
(1458, 447, 47, 52, 'PROCESSING', '2010-01-02'),
(1459, 358, 56, 229, 'DELIVERED', '2004-06-20'),
(1460, 73, 19, 148, '', '2001-03-21'),
(1461, 83, 47, 4, 'PROCESSING', '2004-07-09'),
(1462, 478, 28, 116, '', '2001-07-11'),
(1463, 474, 39, 129, 'DELIVERED', '2005-03-12'),
(1464, 393, 43, 32, '', '2012-08-23'),
(1465, 29, 55, 170, 'PAID', '2007-07-19'),
(1466, 441, 7, 292, '', '2006-05-22'),
(1467, 315, 60, 40, 'DELIVERED', '2006-07-09'),
(1468, 472, 49, 219, 'DELIVERED', '2005-11-20'),
(1469, 163, 28, 158, 'PAID', '2003-02-18'),
(1470, 395, 44, 88, 'DELIVERED', '2009-04-17'),
(1471, 137, 41, 101, '', '2007-06-15'),
(1472, 27, 2, 251, 'UNPAID', '2010-07-22'),
(1473, 88, 26, 147, 'PROCESSING', '2010-01-26'),
(1474, 44, 7, 156, '', '2010-10-17'),
(1475, 266, 5, 54, '', '2009-07-21'),
(1476, 117, 64, 82, 'PAID', '2000-02-09'),
(1477, 386, 44, 27, '', '2000-07-14'),
(1478, 439, 39, 114, '', '2009-11-25'),
(1479, 232, 46, 144, 'UNPAID', '2010-08-24'),
(1480, 236, 12, 173, 'DELIVERED', '2001-11-01'),
(1481, 79, 62, 97, '', '2008-05-26'),
(1482, 338, 64, 118, 'PROCESSING', '2007-10-16'),
(1483, 132, 44, 134, 'DELIVERED', '2004-12-22'),
(1484, 75, 38, 176, 'DELIVERED', '2009-02-10'),
(1485, 442, 1, 110, 'UNPAID', '2012-09-01'),
(1486, 282, 7, 278, 'PAID', '2001-04-24'),
(1487, 319, 6, 124, '', '2009-11-19'),
(1488, 57, 51, 124, 'PAID', '2004-12-26'),
(1489, 56, 11, 77, 'UNPAID', '2002-08-03'),
(1490, 58, 20, 27, 'DELIVERED', '2005-01-27'),
(1491, 234, 22, 241, 'UNPAID', '2005-03-02'),
(1492, 75, 5, 211, 'PAID', '2011-02-15'),
(1493, 107, 8, 131, 'PAID', '2003-09-10'),
(1494, 210, 20, 128, 'PROCESSING', '2007-07-07'),
(1495, 7, 35, 57, 'PROCESSING', '2011-12-18'),
(1496, 127, 14, 198, 'PROCESSING', '2003-05-20'),
(1497, 65, 31, 64, 'PAID', '2007-08-20'),
(1498, 414, 22, 9, 'PAID', '2008-06-23'),
(1499, 124, 63, 15, 'PAID', '2006-03-22'),
(1500, 168, 15, 112, 'DELIVERED', '2005-01-01'),
(1501, 349, 26, 208, '', '2011-11-06'),
(1502, 215, 36, 262, 'PAID', '2011-11-16'),
(1503, 258, 23, 111, 'DELIVERED', '2004-06-02'),
(1504, 397, 43, 240, 'UNPAID', '2011-03-22'),
(1505, 157, 13, 230, 'UNPAID', '2007-06-25'),
(1506, 219, 24, 20, '', '2011-12-05'),
(1507, 391, 55, 217, 'PAID', '2002-02-03'),
(1508, 250, 33, 43, 'PAID', '2002-12-14'),
(1509, 24, 7, 68, 'PAID', '2003-12-12'),
(1510, 436, 30, 82, 'PAID', '2010-05-07'),
(1511, 356, 18, 117, 'PROCESSING', '2001-02-24'),
(1512, 148, 13, 284, '', '2009-02-04'),
(1513, 424, 2, 181, '', '2001-10-08'),
(1514, 211, 54, 204, 'PAID', '2003-12-19'),
(1515, 40, 19, 262, '', '2007-04-10'),
(1516, 327, 24, 52, '', '2007-02-22'),
(1517, 133, 13, 272, 'UNPAID', '2002-07-02'),
(1518, 172, 22, 99, 'DELIVERED', '2002-01-03'),
(1519, 208, 63, 225, 'PROCESSING', '2003-08-09'),
(1520, 391, 58, 191, 'PROCESSING', '2003-10-12'),
(1521, 400, 60, 62, 'UNPAID', '2001-02-07'),
(1522, 168, 41, 81, 'DELIVERED', '2012-08-14'),
(1523, 54, 40, 170, 'PROCESSING', '2007-04-02'),
(1524, 391, 61, 104, 'PROCESSING', '2010-12-02'),
(1525, 35, 51, 145, '', '2009-09-28'),
(1526, 404, 52, 58, 'UNPAID', '2005-06-24'),
(1527, 182, 4, 98, 'PROCESSING', '2008-11-01'),
(1528, 105, 14, 15, 'UNPAID', '2001-05-17'),
(1529, 472, 25, 197, 'UNPAID', '2002-02-26'),
(1530, 422, 54, 268, 'DELIVERED', '2008-01-24'),
(1531, 17, 36, 212, 'PROCESSING', '2007-01-25'),
(1532, 125, 60, 270, 'PROCESSING', '2001-12-14'),
(1533, 133, 23, 23, 'PAID', '2009-09-08'),
(1534, 426, 57, 56, 'DELIVERED', '2008-01-12'),
(1535, 151, 11, 80, 'PAID', '2009-12-21'),
(1536, 146, 1, 190, 'PROCESSING', '2011-07-01'),
(1537, 25, 32, 148, 'PAID', '2010-07-16'),
(1538, 262, 20, 247, 'PROCESSING', '2002-01-04'),
(1539, 419, 6, 164, 'UNPAID', '2003-10-15'),
(1540, 460, 51, 76, 'PAID', '2010-11-22'),
(1541, 344, 27, 241, 'DELIVERED', '2011-04-03'),
(1542, 350, 57, 189, 'PAID', '2002-06-19'),
(1543, 160, 30, 234, 'UNPAID', '2006-04-10'),
(1544, 380, 9, 255, 'DELIVERED', '2011-02-27'),
(1545, 336, 64, 220, 'PAID', '2005-07-04'),
(1546, 143, 54, 63, 'UNPAID', '2008-11-08'),
(1547, 417, 19, 271, 'UNPAID', '2009-09-11'),
(1548, 136, 65, 211, 'UNPAID', '2001-07-22'),
(1549, 18, 43, 215, 'DELIVERED', '2008-06-03'),
(1550, 16, 64, 74, 'PAID', '2010-06-10'),
(1551, 245, 19, 175, 'PAID', '2007-06-15'),
(1552, 156, 11, 265, 'PROCESSING', '2002-07-19'),
(1553, 142, 9, 125, 'PAID', '2010-02-02'),
(1554, 205, 38, 46, 'PROCESSING', '2007-05-22'),
(1555, 181, 56, 32, '', '2001-09-07'),
(1556, 352, 12, 222, 'UNPAID', '2004-08-18'),
(1557, 241, 14, 84, 'DELIVERED', '2004-09-03'),
(1558, 59, 54, 46, 'PROCESSING', '2005-04-28'),
(1559, 469, 46, 229, 'PAID', '2007-11-06'),
(1560, 338, 36, 122, 'PROCESSING', '2009-02-13'),
(1561, 26, 50, 21, 'PROCESSING', '2012-05-10'),
(1562, 150, 3, 130, 'PROCESSING', '2011-07-27'),
(1563, 127, 58, 285, 'PAID', '2007-09-16'),
(1564, 65, 38, 219, '', '2001-02-07'),
(1565, 418, 19, 200, '', '2000-09-13'),
(1566, 7, 6, 233, 'PAID', '2001-03-21'),
(1567, 479, 52, 212, 'PAID', '2008-08-13'),
(1568, 125, 24, 296, 'PAID', '2012-09-06'),
(1569, 37, 56, 129, '', '2001-02-24'),
(1570, 83, 54, 85, 'UNPAID', '2011-01-14'),
(1571, 10, 17, 73, '', '2000-12-07'),
(1572, 351, 40, 203, '', '2012-08-10'),
(1573, 448, 25, 167, '', '2002-12-26'),
(1574, 170, 5, 225, 'PROCESSING', '2011-01-20'),
(1575, 394, 6, 58, '', '2004-06-23'),
(1576, 190, 25, 15, 'UNPAID', '2012-09-02'),
(1577, 465, 26, 127, '', '2009-12-24'),
(1578, 480, 63, 229, 'PAID', '2000-07-24'),
(1579, 459, 36, 160, 'DELIVERED', '2008-09-16'),
(1580, 474, 11, 114, 'PAID', '2006-06-13'),
(1581, 253, 10, 158, 'PROCESSING', '2006-12-10'),
(1582, 144, 61, 53, 'PAID', '2011-12-17'),
(1583, 453, 29, 130, '', '2012-12-17'),
(1584, 298, 45, 48, 'PROCESSING', '2010-07-26'),
(1585, 185, 63, 115, '', '2001-11-11'),
(1586, 314, 56, 205, '', '2010-11-06'),
(1587, 329, 52, 240, 'PROCESSING', '2003-03-13'),
(1588, 110, 13, 16, '', '2011-03-12'),
(1589, 353, 49, 100, 'UNPAID', '2009-09-28'),
(1590, 397, 41, 104, 'PROCESSING', '2006-01-11'),
(1591, 130, 58, 176, '', '2008-05-15'),
(1592, 451, 40, 296, 'UNPAID', '2010-01-28'),
(1593, 335, 16, 114, 'PROCESSING', '2012-09-14'),
(1594, 338, 28, 146, 'PROCESSING', '2000-10-27'),
(1595, 260, 56, 99, 'DELIVERED', '2009-11-21'),
(1596, 210, 20, 78, 'PAID', '2011-03-14'),
(1597, 351, 19, 139, 'PAID', '2006-11-23'),
(1598, 250, 36, 90, 'UNPAID', '2012-10-20'),
(1599, 14, 41, 193, 'PROCESSING', '2006-12-10'),
(1600, 111, 58, 25, 'DELIVERED', '2002-05-28'),
(1601, 45, 38, 146, '', '2011-12-06'),
(1602, 187, 52, 1, '', '2004-04-03'),
(1603, 156, 6, 235, 'PAID', '2009-06-26'),
(1604, 88, 26, 77, 'PROCESSING', '2003-05-02'),
(1605, 223, 44, 17, 'PROCESSING', '2003-07-10'),
(1606, 58, 32, 166, 'PROCESSING', '2003-07-11'),
(1607, 302, 56, 143, '', '2012-04-08'),
(1608, 314, 44, 55, '', '2000-06-07'),
(1609, 167, 51, 85, 'DELIVERED', '2005-05-10'),
(1610, 346, 58, 207, '', '2004-03-10'),
(1611, 314, 52, 214, 'PAID', '2008-03-06'),
(1612, 289, 29, 141, 'PAID', '2001-08-02'),
(1613, 90, 6, 83, 'PROCESSING', '2011-07-09'),
(1614, 150, 59, 198, 'UNPAID', '2010-05-24'),
(1615, 68, 39, 48, 'DELIVERED', '2004-11-01'),
(1616, 15, 4, 68, 'DELIVERED', '2006-09-24'),
(1617, 301, 23, 269, 'DELIVERED', '2005-03-09'),
(1618, 140, 48, 192, 'PROCESSING', '2008-04-17'),
(1619, 196, 42, 132, 'PROCESSING', '2002-08-09'),
(1620, 298, 31, 105, 'DELIVERED', '2006-07-08'),
(1621, 7, 18, 31, 'DELIVERED', '2007-12-12'),
(1622, 17, 12, 224, 'PAID', '2011-05-26'),
(1623, 257, 45, 154, '', '2004-12-13'),
(1624, 270, 36, 233, 'UNPAID', '2000-02-23'),
(1625, 257, 46, 15, 'PROCESSING', '2012-02-05'),
(1626, 277, 10, 178, 'PROCESSING', '2004-05-26'),
(1627, 107, 47, 248, 'DELIVERED', '2005-05-19'),
(1628, 355, 19, 38, 'PAID', '2010-11-13'),
(1629, 409, 2, 69, 'PAID', '2009-04-26'),
(1630, 330, 28, 19, 'PAID', '2007-08-24'),
(1631, 439, 65, 226, 'UNPAID', '2009-07-24'),
(1632, 52, 60, 157, '', '2002-08-03'),
(1633, 12, 36, 161, '', '2007-10-07'),
(1634, 135, 3, 34, '', '2006-03-06'),
(1635, 21, 54, 6, '', '2010-10-02'),
(1636, 254, 23, 273, 'DELIVERED', '2003-06-13'),
(1637, 222, 5, 167, 'PROCESSING', '2007-02-10'),
(1638, 86, 56, 164, 'PROCESSING', '2011-08-12'),
(1639, 173, 54, 175, 'PAID', '2008-08-10'),
(1640, 228, 24, 115, '', '2009-04-17'),
(1641, 476, 47, 18, 'PROCESSING', '2010-08-26'),
(1642, 199, 46, 69, 'PROCESSING', '2007-10-01'),
(1643, 215, 28, 128, 'DELIVERED', '2003-01-06'),
(1644, 446, 40, 155, 'PAID', '2012-11-10'),
(1645, 337, 13, 289, 'DELIVERED', '2011-01-03'),
(1646, 342, 42, 293, 'UNPAID', '2004-03-20'),
(1647, 435, 64, 214, 'PAID', '2005-02-04'),
(1648, 323, 10, 89, 'PROCESSING', '2009-10-27'),
(1649, 354, 46, 91, 'PROCESSING', '2011-04-02'),
(1650, 392, 19, 44, 'PROCESSING', '2011-02-17'),
(1651, 125, 21, 85, 'UNPAID', '2003-12-13'),
(1652, 342, 9, 173, 'PAID', '2003-11-26'),
(1653, 13, 45, 261, 'DELIVERED', '2005-03-05'),
(1654, 138, 29, 67, 'UNPAID', '2009-05-17'),
(1655, 312, 32, 53, '', '2010-06-01'),
(1656, 50, 30, 148, 'DELIVERED', '2007-01-05'),
(1657, 425, 61, 24, '', '2007-12-18'),
(1658, 1, 8, 238, 'PAID', '2007-01-11'),
(1659, 130, 25, 281, '', '2011-02-23'),
(1660, 331, 37, 245, 'DELIVERED', '2000-04-17'),
(1661, 298, 25, 219, 'PROCESSING', '2003-10-11'),
(1662, 451, 49, 1, '', '2011-10-06'),
(1663, 205, 53, 170, 'DELIVERED', '2002-06-17'),
(1664, 28, 40, 111, 'DELIVERED', '2002-03-15'),
(1665, 95, 32, 24, '', '2011-10-08'),
(1666, 80, 40, 191, 'UNPAID', '2004-08-01'),
(1667, 117, 28, 63, 'DELIVERED', '2003-10-10'),
(1668, 209, 18, 275, 'PROCESSING', '2011-04-06'),
(1669, 28, 31, 216, 'PAID', '2012-10-02'),
(1670, 399, 40, 97, '', '2002-12-02'),
(1671, 288, 39, 20, '', '2000-04-14'),
(1672, 127, 4, 245, 'DELIVERED', '2004-09-05'),
(1673, 99, 1, 114, 'PAID', '2006-02-15'),
(1674, 213, 58, 167, 'PAID', '2006-11-07'),
(1675, 350, 55, 85, 'PAID', '2005-05-04'),
(1676, 219, 41, 180, 'DELIVERED', '2008-05-11'),
(1677, 483, 10, 167, 'UNPAID', '2002-12-13'),
(1678, 312, 2, 285, 'UNPAID', '2011-07-09'),
(1679, 203, 25, 162, 'UNPAID', '2002-10-12'),
(1680, 311, 11, 164, 'UNPAID', '2010-02-22'),
(1681, 221, 37, 52, 'PROCESSING', '2009-09-18'),
(1682, 420, 43, 19, 'PROCESSING', '2008-01-16'),
(1683, 296, 34, 264, 'UNPAID', '2011-06-05'),
(1684, 48, 16, 171, 'DELIVERED', '2005-02-23'),
(1685, 92, 17, 178, 'DELIVERED', '2010-10-02'),
(1686, 254, 32, 207, 'PAID', '2001-10-25'),
(1687, 407, 50, 127, 'PROCESSING', '2003-04-13'),
(1688, 78, 47, 178, 'PAID', '2012-02-28'),
(1689, 176, 18, 239, 'PROCESSING', '2006-05-06'),
(1690, 172, 10, 77, '', '2008-12-07'),
(1691, 385, 46, 31, 'DELIVERED', '2005-07-02'),
(1692, 355, 54, 149, '', '2007-02-04'),
(1693, 245, 17, 37, '', '2006-12-12'),
(1694, 27, 20, 177, 'PROCESSING', '2005-11-08'),
(1695, 48, 51, 154, '', '2006-08-14'),
(1696, 457, 9, 163, 'DELIVERED', '2012-01-15'),
(1697, 249, 8, 201, 'UNPAID', '2004-10-25'),
(1698, 436, 47, 81, '', '2000-11-10'),
(1699, 233, 46, 186, 'PROCESSING', '2006-02-13'),
(1700, 471, 49, 285, '', '2011-06-16'),
(1701, 415, 35, 24, 'PAID', '2008-09-11'),
(1702, 7, 36, 67, '', '2003-06-24'),
(1703, 131, 23, 59, 'DELIVERED', '2000-10-09'),
(1704, 259, 62, 231, 'PROCESSING', '2008-09-11'),
(1705, 280, 14, 277, 'PROCESSING', '2009-01-22'),
(1706, 184, 49, 38, 'PAID', '2003-05-09'),
(1707, 267, 55, 42, '', '2002-04-16'),
(1708, 116, 10, 261, 'DELIVERED', '2001-08-07'),
(1709, 383, 23, 188, 'PAID', '2007-07-22'),
(1710, 140, 36, 160, 'DELIVERED', '2003-08-02'),
(1711, 293, 1, 101, 'UNPAID', '2011-06-27'),
(1712, 20, 53, 153, 'PAID', '2012-05-02'),
(1713, 22, 1, 86, '', '2004-11-05'),
(1714, 450, 30, 282, 'PAID', '2000-06-25'),
(1715, 154, 9, 272, '', '2001-03-02'),
(1716, 485, 47, 3, 'UNPAID', '2006-07-09'),
(1717, 232, 58, 103, 'PROCESSING', '2011-08-10'),
(1718, 128, 35, 154, 'UNPAID', '2012-06-11'),
(1719, 3, 60, 72, 'PAID', '2000-02-07'),
(1720, 92, 26, 86, 'UNPAID', '2001-04-06'),
(1721, 307, 53, 153, 'UNPAID', '2009-11-18'),
(1722, 293, 31, 286, '', '2000-06-01'),
(1723, 4, 60, 124, 'UNPAID', '2010-08-10'),
(1724, 429, 52, 168, 'UNPAID', '2002-11-07'),
(1725, 142, 9, 132, '', '2012-12-01'),
(1726, 315, 52, 188, 'PAID', '2003-07-03'),
(1727, 139, 3, 39, 'PAID', '2012-07-09'),
(1728, 381, 13, 190, 'DELIVERED', '2012-03-20'),
(1729, 85, 3, 285, 'PROCESSING', '2002-05-11'),
(1730, 57, 22, 117, 'DELIVERED', '2001-01-28'),
(1731, 199, 39, 28, 'DELIVERED', '2008-03-28'),
(1732, 282, 50, 84, 'PAID', '2012-11-01'),
(1733, 459, 7, 215, 'UNPAID', '2001-08-16'),
(1734, 150, 4, 285, 'PROCESSING', '2005-05-05'),
(1735, 255, 23, 53, '', '2012-04-18'),
(1736, 277, 32, 177, 'UNPAID', '2003-11-14'),
(1737, 95, 51, 148, 'UNPAID', '2011-03-07'),
(1738, 6, 57, 244, 'PAID', '2011-10-21'),
(1739, 151, 6, 275, '', '2005-02-21'),
(1740, 185, 24, 109, '', '2010-12-03'),
(1741, 43, 54, 171, 'PAID', '2007-01-12'),
(1742, 233, 18, 195, 'PROCESSING', '2001-06-23'),
(1743, 29, 15, 163, 'PAID', '2004-06-06'),
(1744, 367, 36, 282, 'UNPAID', '2011-04-02'),
(1745, 368, 17, 43, '', '2000-09-04'),
(1746, 326, 50, 159, 'UNPAID', '2000-03-18'),
(1747, 85, 42, 130, 'PAID', '2011-12-17'),
(1748, 79, 29, 236, '', '2012-09-01'),
(1749, 436, 2, 29, 'DELIVERED', '2003-03-14'),
(1750, 165, 62, 178, '', '2009-02-04'),
(1751, 366, 20, 230, '', '2012-03-05'),
(1752, 384, 11, 224, '', '2007-07-24'),
(1753, 285, 17, 265, 'PROCESSING', '2003-12-04'),
(1754, 266, 14, 175, '', '2001-03-25'),
(1755, 423, 20, 5, 'DELIVERED', '2007-10-15'),
(1756, 255, 64, 204, 'PAID', '2001-06-07'),
(1757, 365, 62, 29, 'PAID', '2002-12-23'),
(1758, 235, 62, 271, 'UNPAID', '2002-06-26'),
(1759, 154, 43, 233, 'UNPAID', '2012-10-22'),
(1760, 264, 38, 94, 'UNPAID', '2007-12-11'),
(1761, 338, 27, 182, 'PROCESSING', '2004-09-22'),
(1762, 281, 44, 168, 'UNPAID', '2008-06-02'),
(1763, 387, 62, 291, 'UNPAID', '2007-09-08'),
(1764, 272, 35, 18, 'UNPAID', '2001-05-05'),
(1765, 317, 24, 153, 'PAID', '2010-02-22'),
(1766, 69, 53, 160, 'DELIVERED', '2006-02-22'),
(1767, 56, 36, 250, '', '2006-10-01'),
(1768, 48, 36, 84, 'DELIVERED', '2000-05-21'),
(1769, 85, 47, 269, '', '2000-05-05'),
(1770, 413, 34, 277, '', '2004-06-20'),
(1771, 398, 36, 137, '', '2001-04-24'),
(1772, 286, 6, 249, 'DELIVERED', '2008-02-10'),
(1773, 345, 30, 23, '', '2002-12-20'),
(1774, 111, 25, 255, 'UNPAID', '2011-10-02'),
(1775, 104, 15, 222, 'UNPAID', '2009-03-27'),
(1776, 420, 32, 233, 'PROCESSING', '2007-08-04'),
(1777, 99, 47, 135, '', '2002-07-22'),
(1778, 154, 32, 143, 'PROCESSING', '2011-04-17'),
(1779, 367, 6, 196, '', '2004-05-28'),
(1780, 41, 39, 280, '', '2000-09-11'),
(1781, 313, 21, 148, '', '2000-12-21'),
(1782, 87, 31, 157, 'PROCESSING', '2012-12-01'),
(1783, 401, 21, 190, 'PROCESSING', '2005-04-15'),
(1784, 355, 44, 153, '', '2003-06-21'),
(1785, 159, 10, 36, '', '2005-08-23'),
(1786, 232, 36, 162, 'DELIVERED', '2000-01-04'),
(1787, 475, 4, 50, 'DELIVERED', '2004-10-10'),
(1788, 381, 5, 263, 'PROCESSING', '2009-05-09'),
(1789, 3, 54, 15, 'PAID', '2012-02-09'),
(1790, 206, 51, 27, '', '2004-08-16'),
(1791, 166, 45, 205, 'PAID', '2009-11-03'),
(1792, 54, 42, 133, '', '2009-04-11'),
(1793, 228, 46, 208, 'PROCESSING', '2006-09-23'),
(1794, 240, 59, 27, '', '2008-03-23'),
(1795, 1, 52, 104, 'PAID', '2006-01-19'),
(1796, 111, 57, 222, 'PAID', '2006-03-07'),
(1797, 112, 33, 183, 'DELIVERED', '2002-04-05'),
(1798, 354, 3, 288, 'PAID', '2012-01-04'),
(1799, 303, 15, 277, 'DELIVERED', '2000-04-27'),
(1800, 248, 19, 182, 'DELIVERED', '2002-05-02'),
(1801, 328, 35, 88, '', '2000-11-17'),
(1802, 111, 13, 225, '', '2003-09-05'),
(1803, 89, 49, 84, 'DELIVERED', '2012-03-12'),
(1804, 486, 31, 113, 'PROCESSING', '2009-12-07'),
(1805, 446, 22, 89, 'PROCESSING', '2011-08-14'),
(1806, 430, 32, 17, 'UNPAID', '2008-10-02'),
(1807, 454, 34, 63, 'UNPAID', '2003-06-26'),
(1808, 115, 45, 96, 'PAID', '2001-09-21'),
(1809, 441, 44, 286, '', '2012-03-11'),
(1810, 415, 55, 257, 'DELIVERED', '2004-11-24'),
(1811, 4, 47, 264, '', '2002-02-02'),
(1812, 238, 38, 283, 'DELIVERED', '2003-04-27'),
(1813, 201, 62, 200, 'PAID', '2008-08-04'),
(1814, 306, 57, 151, 'PROCESSING', '2009-05-06'),
(1815, 8, 18, 6, 'UNPAID', '2012-11-27'),
(1816, 100, 64, 298, 'DELIVERED', '2007-12-12'),
(1817, 400, 13, 105, 'PAID', '2001-01-15'),
(1818, 378, 41, 196, 'PAID', '2006-02-25'),
(1819, 91, 34, 17, 'PAID', '2010-01-07'),
(1820, 371, 64, 54, '', '2012-03-19'),
(1821, 249, 7, 16, 'PAID', '2003-05-16'),
(1822, 215, 27, 25, 'PAID', '2000-09-17'),
(1823, 260, 58, 140, 'DELIVERED', '2005-07-26'),
(1824, 84, 39, 43, '', '2007-04-25'),
(1825, 253, 32, 160, 'UNPAID', '2007-08-10'),
(1826, 434, 64, 268, 'PAID', '2005-12-15'),
(1827, 215, 46, 40, '', '2007-08-20'),
(1828, 483, 8, 181, 'UNPAID', '2009-09-03'),
(1829, 135, 4, 290, 'DELIVERED', '2007-06-23'),
(1830, 70, 6, 47, 'UNPAID', '2000-01-10'),
(1831, 228, 2, 264, '', '2009-01-25'),
(1832, 155, 40, 167, 'PAID', '2009-02-13'),
(1833, 213, 59, 161, 'DELIVERED', '2012-07-14'),
(1834, 250, 65, 92, 'DELIVERED', '2001-06-19'),
(1835, 74, 33, 8, 'DELIVERED', '2006-11-15'),
(1836, 122, 60, 116, 'PROCESSING', '2006-12-25'),
(1837, 120, 7, 95, 'DELIVERED', '2012-11-11'),
(1838, 466, 23, 263, 'PROCESSING', '2004-03-04'),
(1839, 213, 42, 237, 'PROCESSING', '2001-10-06'),
(1840, 328, 47, 214, '', '2008-02-14'),
(1841, 75, 3, 103, 'PAID', '2001-08-02'),
(1842, 64, 34, 136, 'UNPAID', '2011-04-16'),
(1843, 105, 34, 195, 'DELIVERED', '2001-06-07'),
(1844, 144, 17, 128, '', '2012-02-25'),
(1845, 293, 16, 108, 'DELIVERED', '2003-09-05'),
(1846, 204, 24, 65, 'PROCESSING', '2011-09-18'),
(1847, 359, 65, 49, '', '2006-10-17'),
(1848, 323, 16, 246, '', '2006-03-26'),
(1849, 223, 25, 238, 'UNPAID', '2008-02-23'),
(1850, 442, 56, 284, 'PAID', '2002-02-25'),
(1851, 40, 54, 145, '', '2010-08-22'),
(1852, 166, 30, 105, '', '2009-03-27'),
(1853, 90, 27, 259, 'DELIVERED', '2010-08-20'),
(1854, 205, 53, 147, 'PAID', '2008-06-18'),
(1855, 423, 39, 149, '', '2005-12-22'),
(1856, 125, 41, 155, 'PROCESSING', '2000-11-17'),
(1857, 377, 2, 161, '', '2005-05-17'),
(1858, 117, 4, 84, 'DELIVERED', '2011-10-28'),
(1859, 245, 14, 182, 'PAID', '2010-02-09'),
(1860, 108, 6, 18, 'PROCESSING', '2009-07-02'),
(1861, 379, 29, 196, 'PROCESSING', '2006-03-14'),
(1862, 446, 38, 24, 'UNPAID', '2008-05-23'),
(1863, 233, 8, 232, '', '2004-05-10'),
(1864, 58, 32, 191, 'PAID', '2007-09-23'),
(1865, 127, 18, 263, 'UNPAID', '2009-07-17'),
(1866, 86, 47, 19, 'UNPAID', '2003-02-07'),
(1867, 452, 33, 9, 'PAID', '2008-10-11'),
(1868, 464, 12, 212, 'UNPAID', '2008-05-12'),
(1869, 108, 3, 64, 'PROCESSING', '2003-02-15'),
(1870, 8, 40, 25, 'UNPAID', '2004-02-08'),
(1871, 305, 19, 151, 'PROCESSING', '2010-07-27'),
(1872, 200, 22, 94, 'PAID', '2006-01-12'),
(1873, 87, 24, 245, 'PAID', '2005-01-25'),
(1874, 343, 8, 116, 'DELIVERED', '2009-06-26'),
(1875, 30, 40, 53, 'DELIVERED', '2011-09-07'),
(1876, 334, 14, 50, 'UNPAID', '2007-06-13'),
(1877, 29, 32, 257, 'PAID', '2010-09-18'),
(1878, 116, 46, 153, '', '2010-11-19'),
(1879, 270, 24, 165, 'DELIVERED', '2012-09-09'),
(1880, 422, 27, 156, 'PROCESSING', '2007-09-18'),
(1881, 75, 11, 21, 'PAID', '2008-12-13'),
(1882, 244, 39, 24, 'DELIVERED', '2003-08-19'),
(1883, 57, 32, 94, 'DELIVERED', '2010-11-08'),
(1884, 392, 39, 172, 'DELIVERED', '2012-02-06'),
(1885, 292, 51, 248, 'DELIVERED', '2012-11-27'),
(1886, 289, 54, 121, 'UNPAID', '2005-06-23'),
(1887, 348, 5, 146, '', '2007-10-14'),
(1888, 185, 43, 232, 'UNPAID', '2003-05-24'),
(1889, 112, 29, 10, '', '2002-11-16'),
(1890, 72, 49, 159, 'DELIVERED', '2007-12-24'),
(1891, 480, 27, 193, 'DELIVERED', '2006-02-15'),
(1892, 10, 60, 3, 'PAID', '2007-10-17'),
(1893, 404, 8, 122, 'UNPAID', '2007-06-25'),
(1894, 374, 20, 134, '', '2000-12-19'),
(1895, 301, 59, 141, 'PROCESSING', '2004-02-08'),
(1896, 388, 16, 239, '', '2002-10-06'),
(1897, 362, 38, 234, 'PROCESSING', '2009-03-18'),
(1898, 125, 41, 146, 'UNPAID', '2011-12-26'),
(1899, 475, 59, 172, 'PROCESSING', '2010-01-05'),
(1900, 63, 10, 137, '', '2004-03-21'),
(1901, 264, 4, 280, 'PAID', '2008-09-24'),
(1902, 160, 59, 134, 'PROCESSING', '2006-12-17'),
(1903, 215, 57, 157, 'PROCESSING', '2009-02-28'),
(1904, 285, 9, 49, 'DELIVERED', '2003-08-18'),
(1905, 322, 56, 106, 'UNPAID', '2011-04-14'),
(1906, 262, 65, 91, '', '2011-09-13'),
(1907, 199, 45, 10, '', '2007-07-07'),
(1908, 152, 43, 71, '', '2010-05-17'),
(1909, 26, 1, 67, 'DELIVERED', '2011-07-26'),
(1910, 382, 56, 112, 'PAID', '2011-09-05'),
(1911, 364, 28, 183, 'UNPAID', '2001-08-28'),
(1912, 316, 13, 72, '', '2010-06-24'),
(1913, 303, 57, 132, 'DELIVERED', '2011-08-11'),
(1914, 368, 16, 85, 'PROCESSING', '2001-08-24'),
(1915, 462, 22, 4, 'DELIVERED', '2009-08-24'),
(1916, 420, 17, 247, 'PROCESSING', '2005-01-13'),
(1917, 147, 35, 90, '', '2005-09-17'),
(1918, 138, 26, 290, 'UNPAID', '2008-03-16'),
(1919, 352, 59, 120, 'DELIVERED', '2003-05-10'),
(1920, 484, 2, 52, '', '2003-12-10'),
(1921, 367, 4, 240, 'UNPAID', '2007-02-28'),
(1922, 483, 55, 166, 'PAID', '2002-07-09'),
(1923, 420, 50, 257, 'PROCESSING', '2008-04-07'),
(1924, 444, 44, 173, '', '2009-09-21'),
(1925, 485, 48, 23, 'DELIVERED', '2010-11-22'),
(1926, 183, 63, 226, 'PAID', '2010-04-18'),
(1927, 14, 54, 277, '', '2007-10-13'),
(1928, 128, 3, 208, 'UNPAID', '2009-04-02'),
(1929, 193, 1, 237, 'PAID', '2009-11-04'),
(1930, 265, 49, 272, '', '2009-08-08'),
(1931, 248, 63, 269, 'PROCESSING', '2010-10-12'),
(1932, 182, 39, 264, 'DELIVERED', '2008-07-23'),
(1933, 157, 55, 257, 'DELIVERED', '2011-08-03'),
(1934, 295, 34, 65, 'UNPAID', '2003-02-02'),
(1935, 469, 51, 98, 'PROCESSING', '2009-03-28'),
(1936, 253, 3, 125, '', '2008-04-15'),
(1937, 122, 57, 95, 'PROCESSING', '2009-03-08'),
(1938, 268, 53, 113, 'UNPAID', '2004-08-09'),
(1939, 282, 46, 103, 'PROCESSING', '2006-09-28'),
(1940, 106, 58, 297, 'DELIVERED', '2011-05-18'),
(1941, 269, 46, 41, 'DELIVERED', '2007-06-11'),
(1942, 126, 41, 193, '', '2005-01-27'),
(1943, 374, 40, 72, 'PAID', '2004-07-25'),
(1944, 389, 16, 258, 'UNPAID', '2001-11-21'),
(1945, 28, 17, 108, 'DELIVERED', '2012-06-12'),
(1946, 250, 62, 230, 'DELIVERED', '2007-05-16'),
(1947, 3, 28, 156, 'DELIVERED', '2000-10-03'),
(1948, 168, 22, 291, 'UNPAID', '2007-10-05'),
(1949, 350, 45, 267, 'DELIVERED', '2012-03-11'),
(1950, 433, 49, 234, 'PAID', '2008-07-05'),
(1951, 127, 62, 218, 'PAID', '2004-03-01'),
(1952, 202, 65, 41, 'DELIVERED', '2004-02-25'),
(1953, 448, 61, 12, 'DELIVERED', '2007-12-12'),
(1954, 267, 12, 232, 'PROCESSING', '2011-07-23'),
(1955, 296, 6, 293, '', '2000-09-04'),
(1956, 209, 62, 47, '', '2012-04-17'),
(1957, 136, 26, 144, 'UNPAID', '2004-07-23'),
(1958, 459, 29, 64, 'PROCESSING', '2007-12-26'),
(1959, 259, 35, 217, 'UNPAID', '2008-09-28'),
(1960, 328, 27, 36, 'UNPAID', '2004-04-26'),
(1961, 142, 37, 156, 'PROCESSING', '2012-12-22'),
(1962, 136, 34, 171, 'PAID', '2012-10-20'),
(1963, 277, 50, 179, 'UNPAID', '2003-04-07'),
(1964, 450, 2, 65, 'PROCESSING', '2005-04-19'),
(1965, 373, 40, 183, 'UNPAID', '2002-02-18'),
(1966, 58, 8, 111, 'PAID', '2008-12-17'),
(1967, 286, 47, 89, 'UNPAID', '2006-11-07'),
(1968, 378, 14, 139, 'DELIVERED', '2002-09-08'),
(1969, 314, 1, 286, 'PROCESSING', '2007-07-13'),
(1970, 380, 45, 20, '', '2010-06-08'),
(1971, 213, 24, 268, 'UNPAID', '2001-03-05'),
(1972, 275, 5, 121, 'PAID', '2003-11-01'),
(1973, 249, 35, 88, 'UNPAID', '2007-03-16'),
(1974, 76, 53, 300, '', '2006-01-23'),
(1975, 143, 33, 31, 'DELIVERED', '2011-12-21'),
(1976, 465, 12, 273, 'PROCESSING', '2003-04-24'),
(1977, 265, 12, 258, 'UNPAID', '2009-02-06'),
(1978, 126, 26, 224, 'PROCESSING', '2002-09-10'),
(1979, 338, 53, 47, '', '2003-04-20'),
(1980, 85, 17, 135, 'UNPAID', '2005-05-18'),
(1981, 337, 44, 140, 'PAID', '2010-04-08'),
(1982, 271, 32, 142, '', '2011-03-07'),
(1983, 38, 63, 167, 'DELIVERED', '2010-09-21'),
(1984, 40, 63, 137, 'PAID', '2002-11-11'),
(1985, 317, 17, 300, 'PAID', '2012-06-16'),
(1986, 376, 52, 251, 'PAID', '2003-04-04'),
(1987, 71, 35, 104, 'PAID', '2006-11-28'),
(1988, 130, 40, 221, 'PAID', '2007-03-17'),
(1989, 386, 6, 292, 'PROCESSING', '2004-12-22'),
(1990, 136, 29, 98, 'UNPAID', '2002-02-11'),
(1991, 241, 31, 146, 'DELIVERED', '2012-10-24'),
(1992, 238, 48, 254, 'DELIVERED', '2004-07-03'),
(1993, 444, 50, 208, 'DELIVERED', '2011-08-04'),
(1994, 104, 42, 267, 'PROCESSING', '2000-03-15'),
(1995, 142, 25, 267, 'DELIVERED', '2010-05-12'),
(1996, 411, 14, 82, 'PAID', '2012-02-02'),
(1997, 129, 46, 50, 'UNPAID', '2006-11-25'),
(1998, 160, 34, 295, 'PROCESSING', '2001-11-01'),
(1999, 106, 6, 167, 'PROCESSING', '2005-06-08'),
(2000, 149, 53, 210, 'UNPAID', '2000-12-13'),
(2001, 464, 6, 160, 'PAID', '2010-09-11'),
(2002, 122, 36, 70, 'PROCESSING', '2000-03-04'),
(2003, 109, 6, 42, 'PROCESSING', '2002-09-27'),
(2004, 309, 9, 68, '', '2012-12-03'),
(2005, 473, 59, 161, '', '2012-01-04'),
(2006, 376, 50, 149, 'UNPAID', '2004-09-17'),
(2007, 190, 62, 210, 'DELIVERED', '2000-11-02'),
(2008, 96, 35, 297, '', '2008-03-22'),
(2009, 297, 9, 249, 'PROCESSING', '2000-05-14'),
(2010, 9, 29, 180, 'DELIVERED', '2002-02-23'),
(2011, 251, 54, 116, '', '2009-02-15'),
(2012, 386, 60, 167, '', '2005-07-23'),
(2013, 53, 50, 169, 'DELIVERED', '2011-05-08'),
(2014, 456, 50, 229, '', '2002-05-21'),
(2015, 188, 30, 158, '', '2003-11-23'),
(2016, 19, 65, 91, '', '2011-11-23'),
(2017, 177, 27, 183, 'PROCESSING', '2002-03-06'),
(2018, 27, 37, 139, '', '2004-03-26'),
(2019, 248, 39, 197, '', '2000-03-22'),
(2020, 157, 6, 174, 'PAID', '2001-11-06'),
(2021, 486, 48, 296, 'PAID', '2001-08-23'),
(2022, 145, 50, 299, 'PAID', '2004-06-10'),
(2023, 315, 45, 78, 'UNPAID', '2003-11-02'),
(2024, 152, 7, 247, 'DELIVERED', '2002-05-28'),
(2025, 129, 18, 50, 'PAID', '2000-02-17'),
(2026, 73, 49, 127, 'PROCESSING', '2006-06-23'),
(2027, 407, 57, 37, 'PROCESSING', '2007-05-18'),
(2028, 404, 20, 197, 'UNPAID', '2005-06-22'),
(2029, 281, 57, 225, '', '2001-11-03'),
(2030, 80, 5, 208, 'PAID', '2010-02-22'),
(2031, 154, 35, 164, 'UNPAID', '2005-09-18'),
(2032, 473, 4, 69, 'DELIVERED', '2004-11-26'),
(2033, 360, 24, 205, 'PAID', '2002-06-04'),
(2034, 187, 23, 70, 'PROCESSING', '2005-12-24'),
(2035, 106, 3, 182, 'PROCESSING', '2007-02-19'),
(2036, 481, 54, 85, '', '2011-07-21'),
(2037, 102, 26, 196, '', '2009-04-07'),
(2038, 482, 50, 117, 'PAID', '2001-08-26'),
(2039, 251, 36, 227, 'DELIVERED', '2007-05-08'),
(2040, 75, 34, 277, 'UNPAID', '2004-03-03'),
(2041, 94, 47, 243, 'PAID', '2001-06-10'),
(2042, 421, 52, 177, '', '2007-12-06'),
(2043, 320, 39, 32, 'UNPAID', '2001-11-25'),
(2044, 353, 15, 42, '', '2009-01-01'),
(2045, 28, 18, 25, 'PAID', '2012-11-19'),
(2046, 40, 23, 296, '', '2001-07-22'),
(2047, 335, 36, 294, 'PAID', '2001-02-14'),
(2048, 139, 62, 116, 'UNPAID', '2002-07-25'),
(2049, 438, 38, 265, '', '2011-12-06'),
(2050, 403, 56, 252, '', '2002-10-24'),
(2051, 163, 26, 186, 'UNPAID', '2012-08-10'),
(2052, 44, 45, 253, 'PAID', '2008-03-11'),
(2053, 388, 49, 76, 'DELIVERED', '2004-02-18'),
(2054, 89, 7, 249, 'UNPAID', '2012-09-26'),
(2055, 73, 33, 224, 'PROCESSING', '2011-05-14'),
(2056, 408, 63, 252, '', '2008-09-09'),
(2057, 134, 60, 200, 'UNPAID', '2008-12-21'),
(2058, 487, 4, 115, 'UNPAID', '2001-03-05'),
(2059, 50, 58, 26, 'PAID', '2004-10-21'),
(2060, 129, 13, 67, 'UNPAID', '2002-01-01'),
(2061, 392, 49, 91, 'UNPAID', '2008-12-04'),
(2062, 152, 58, 266, 'PAID', '2012-04-14'),
(2063, 44, 32, 197, 'UNPAID', '2004-09-13'),
(2064, 361, 37, 51, '', '2009-05-03'),
(2065, 449, 30, 31, 'DELIVERED', '2002-05-23'),
(2066, 413, 25, 278, 'UNPAID', '2003-10-13'),
(2067, 97, 5, 279, 'PAID', '2007-07-14'),
(2068, 449, 21, 275, 'DELIVERED', '2011-01-19'),
(2069, 318, 31, 221, 'PROCESSING', '2011-11-08'),
(2070, 53, 16, 21, '', '2007-12-03'),
(2071, 428, 52, 166, 'UNPAID', '2011-06-10'),
(2072, 211, 5, 250, 'PAID', '2005-09-28'),
(2073, 134, 54, 194, '', '2003-05-14'),
(2074, 106, 15, 230, 'PAID', '2005-11-08'),
(2075, 37, 54, 112, '', '2008-12-01'),
(2076, 245, 27, 112, '', '2006-03-08'),
(2077, 419, 62, 82, 'UNPAID', '2010-11-02'),
(2078, 40, 20, 160, 'PAID', '2006-04-18'),
(2079, 476, 9, 268, 'UNPAID', '2012-04-28'),
(2080, 285, 13, 3, 'UNPAID', '2007-05-01'),
(2081, 28, 39, 85, '', '2006-07-02'),
(2082, 157, 31, 25, 'PAID', '2009-08-20'),
(2083, 134, 60, 95, 'PAID', '2000-03-09'),
(2084, 489, 31, 84, 'PROCESSING', '2008-04-19'),
(2085, 118, 44, 200, 'PAID', '2003-12-06'),
(2086, 389, 33, 74, 'UNPAID', '2012-04-15'),
(2087, 356, 62, 62, '', '2011-07-07'),
(2088, 437, 48, 159, '', '2002-10-13'),
(2089, 413, 7, 36, 'UNPAID', '2009-10-11'),
(2090, 10, 48, 177, '', '2002-10-26'),
(2091, 96, 11, 130, '', '2001-08-26'),
(2092, 466, 11, 49, '', '2011-09-21'),
(2093, 36, 33, 59, '', '2007-04-28'),
(2094, 175, 7, 114, 'PAID', '2010-12-06'),
(2095, 29, 52, 33, 'PAID', '2012-07-05'),
(2096, 27, 12, 29, 'UNPAID', '2004-04-24'),
(2097, 108, 62, 174, 'PAID', '2005-10-06'),
(2098, 18, 6, 62, 'PAID', '2002-07-22'),
(2099, 7, 36, 287, 'UNPAID', '2004-01-10'),
(2100, 147, 40, 151, 'PAID', '2010-08-11'),
(2101, 61, 56, 62, 'PAID', '2010-10-18'),
(2102, 117, 36, 252, 'PAID', '2008-01-19'),
(2103, 404, 41, 130, '', '2002-05-26'),
(2104, 252, 30, 70, '', '2000-09-05'),
(2105, 412, 22, 157, '', '2002-09-09'),
(2106, 478, 34, 282, 'PAID', '2000-10-14'),
(2107, 345, 54, 46, 'PROCESSING', '2005-08-11'),
(2108, 302, 64, 81, 'UNPAID', '2005-06-27'),
(2109, 234, 15, 32, 'PAID', '2007-08-08'),
(2110, 360, 24, 176, 'DELIVERED', '2011-07-26'),
(2111, 456, 20, 122, 'DELIVERED', '2001-07-05'),
(2112, 280, 10, 156, 'UNPAID', '2001-10-09'),
(2113, 261, 19, 78, 'UNPAID', '2006-05-10'),
(2114, 34, 65, 183, '', '2004-03-15'),
(2115, 106, 47, 130, 'UNPAID', '2000-11-22'),
(2116, 73, 26, 281, 'DELIVERED', '2006-06-26'),
(2117, 316, 16, 67, 'UNPAID', '2006-06-06'),
(2118, 16, 55, 154, 'UNPAID', '2010-02-26'),
(2119, 90, 21, 124, 'PAID', '2000-11-16'),
(2120, 26, 45, 97, 'PAID', '2000-04-26'),
(2121, 297, 47, 248, 'PAID', '2012-01-12'),
(2122, 229, 35, 183, 'PROCESSING', '2004-02-17'),
(2123, 100, 16, 150, 'PAID', '2007-11-23'),
(2124, 282, 50, 100, 'DELIVERED', '2005-08-24'),
(2125, 251, 60, 224, 'UNPAID', '2008-07-11'),
(2126, 277, 41, 237, 'UNPAID', '2001-05-15'),
(2127, 253, 34, 38, 'DELIVERED', '2009-08-03'),
(2128, 144, 35, 268, '', '2003-03-14'),
(2129, 359, 57, 96, 'PAID', '2010-01-11'),
(2130, 196, 42, 217, '', '2003-07-28'),
(2131, 198, 59, 157, '', '2005-08-18'),
(2132, 82, 18, 224, 'PROCESSING', '2010-08-10'),
(2133, 52, 56, 246, '', '2009-02-03'),
(2134, 253, 14, 132, '', '2010-02-25'),
(2135, 48, 44, 261, 'PROCESSING', '2007-05-12'),
(2136, 488, 3, 18, 'UNPAID', '2003-10-18'),
(2137, 58, 29, 283, 'PAID', '2003-10-02'),
(2138, 14, 59, 42, 'PROCESSING', '2001-07-13'),
(2139, 460, 48, 100, 'UNPAID', '2005-03-16'),
(2140, 482, 39, 287, '', '2008-01-04'),
(2141, 457, 53, 227, 'UNPAID', '2003-09-08'),
(2142, 268, 30, 99, 'PROCESSING', '2004-06-04'),
(2143, 220, 3, 172, 'PAID', '2010-11-12'),
(2144, 90, 7, 287, 'UNPAID', '2009-11-04'),
(2145, 158, 61, 85, 'PAID', '2009-01-09'),
(2146, 485, 48, 172, 'PROCESSING', '2002-11-04'),
(2147, 265, 24, 69, '', '2005-10-11'),
(2148, 88, 46, 239, 'PAID', '2010-10-15'),
(2149, 249, 44, 201, '', '2007-12-03'),
(2150, 161, 64, 116, 'PAID', '2009-12-24'),
(2151, 444, 56, 290, 'PROCESSING', '2002-03-13'),
(2152, 305, 65, 242, 'DELIVERED', '2009-08-05'),
(2153, 249, 23, 206, 'UNPAID', '2000-05-24'),
(2154, 295, 20, 278, '', '2003-04-07'),
(2155, 489, 18, 30, '', '2001-01-10'),
(2156, 167, 17, 234, '', '2003-08-22'),
(2157, 461, 13, 277, 'PROCESSING', '2006-08-13'),
(2158, 270, 63, 91, 'UNPAID', '2003-03-03'),
(2159, 262, 35, 99, 'PROCESSING', '2010-06-13'),
(2160, 451, 32, 234, 'PAID', '2009-07-07'),
(2161, 483, 10, 295, '', '2004-11-11'),
(2162, 425, 34, 249, 'PROCESSING', '2006-02-16'),
(2163, 351, 24, 195, 'PAID', '2011-12-22'),
(2164, 339, 27, 64, 'DELIVERED', '2011-12-25'),
(2165, 310, 36, 28, 'DELIVERED', '2008-01-16'),
(2166, 9, 64, 273, '', '2006-09-09'),
(2167, 466, 57, 260, 'DELIVERED', '2002-07-26'),
(2168, 59, 32, 209, '', '2011-11-12'),
(2169, 385, 59, 87, 'PROCESSING', '2005-05-01'),
(2170, 63, 30, 172, 'UNPAID', '2005-06-01'),
(2171, 452, 15, 97, '', '2001-03-16'),
(2172, 156, 46, 137, 'PROCESSING', '2002-02-07'),
(2173, 46, 4, 200, '', '2012-12-09'),
(2174, 192, 22, 99, 'PROCESSING', '2010-11-19'),
(2175, 112, 25, 206, 'UNPAID', '2007-01-01'),
(2176, 339, 13, 169, 'UNPAID', '2011-01-13'),
(2177, 50, 12, 207, 'UNPAID', '2002-05-02'),
(2178, 88, 21, 110, 'PROCESSING', '2008-09-03'),
(2179, 216, 39, 224, 'DELIVERED', '2012-06-23'),
(2180, 282, 29, 253, 'PAID', '2008-05-08'),
(2181, 267, 28, 216, 'DELIVERED', '2007-05-24'),
(2182, 403, 50, 272, '', '2000-04-16'),
(2183, 353, 63, 197, 'UNPAID', '2007-05-24'),
(2184, 261, 55, 193, 'UNPAID', '2003-06-11'),
(2185, 448, 58, 195, 'PROCESSING', '2004-05-03'),
(2186, 443, 51, 282, 'DELIVERED', '2007-11-21'),
(2187, 300, 8, 89, 'PAID', '2001-12-14'),
(2188, 312, 23, 94, 'UNPAID', '2002-12-08'),
(2189, 223, 29, 194, 'PAID', '2004-04-24'),
(2190, 312, 43, 278, 'PROCESSING', '2005-11-08'),
(2191, 477, 46, 297, 'PROCESSING', '2010-04-26'),
(2192, 442, 15, 121, 'PROCESSING', '2007-09-20'),
(2193, 372, 44, 294, 'PAID', '2001-08-17'),
(2194, 214, 60, 122, 'UNPAID', '2007-04-18'),
(2195, 4, 13, 263, '', '2011-11-16'),
(2196, 354, 10, 144, 'DELIVERED', '2004-11-05'),
(2197, 468, 39, 259, 'DELIVERED', '2003-11-26'),
(2198, 186, 31, 151, '', '2004-11-25'),
(2199, 466, 16, 149, '', '2005-05-27'),
(2200, 162, 16, 152, 'UNPAID', '2004-12-19'),
(2201, 372, 57, 250, 'DELIVERED', '2006-09-12'),
(2202, 360, 35, 105, 'UNPAID', '2012-11-26'),
(2203, 184, 50, 243, 'PAID', '2012-04-08'),
(2204, 209, 44, 68, 'DELIVERED', '2011-09-23'),
(2205, 142, 47, 145, 'UNPAID', '2007-04-22'),
(2206, 22, 1, 55, 'DELIVERED', '2007-07-25'),
(2207, 266, 25, 245, '', '2001-08-07'),
(2208, 67, 61, 159, 'PROCESSING', '2007-10-09'),
(2209, 249, 32, 38, 'DELIVERED', '2002-08-24'),
(2210, 378, 60, 180, '', '2012-10-17'),
(2211, 231, 21, 144, 'UNPAID', '2009-04-26'),
(2212, 409, 60, 52, '', '2010-09-15'),
(2213, 217, 30, 256, '', '2012-12-21'),
(2214, 61, 38, 177, '', '2006-03-20'),
(2215, 212, 63, 89, '', '2003-10-26'),
(2216, 476, 5, 253, '', '2012-01-22'),
(2217, 403, 47, 92, 'PAID', '2002-02-07'),
(2218, 47, 9, 289, 'PAID', '2009-07-04'),
(2219, 108, 48, 246, 'DELIVERED', '2009-02-16'),
(2220, 480, 58, 140, '', '2012-04-22'),
(2221, 458, 21, 158, 'DELIVERED', '2000-10-01'),
(2222, 97, 65, 71, 'PAID', '2001-03-15'),
(2223, 410, 49, 187, 'UNPAID', '2006-06-20'),
(2224, 88, 36, 77, 'UNPAID', '2005-09-03'),
(2225, 191, 2, 259, 'PAID', '2004-05-03'),
(2226, 186, 15, 30, 'PROCESSING', '2002-05-25'),
(2227, 160, 35, 113, 'UNPAID', '2003-12-07'),
(2228, 368, 29, 276, '', '2012-03-03'),
(2229, 206, 59, 58, '', '2011-01-04'),
(2230, 132, 29, 64, 'DELIVERED', '2008-04-07'),
(2231, 424, 42, 27, 'UNPAID', '2002-06-10'),
(2232, 219, 30, 170, 'UNPAID', '2011-06-04'),
(2233, 429, 43, 63, 'PAID', '2007-05-03'),
(2234, 233, 30, 72, 'DELIVERED', '2011-06-11'),
(2235, 270, 50, 184, 'PROCESSING', '2005-09-17'),
(2236, 282, 11, 287, 'UNPAID', '2008-07-07'),
(2237, 250, 1, 102, 'PAID', '2008-07-20'),
(2238, 105, 62, 235, 'DELIVERED', '2005-01-13'),
(2239, 142, 31, 247, '', '2002-06-08'),
(2240, 308, 9, 257, 'PAID', '2003-10-07'),
(2241, 445, 22, 132, 'PROCESSING', '2004-10-23'),
(2242, 485, 22, 144, 'PAID', '2003-04-25'),
(2243, 326, 19, 97, '', '2009-02-23'),
(2244, 479, 38, 14, 'DELIVERED', '2009-11-23'),
(2245, 488, 47, 9, '', '2000-06-09'),
(2246, 179, 16, 36, 'PAID', '2007-08-16'),
(2247, 410, 56, 134, 'PROCESSING', '2001-10-13'),
(2248, 436, 60, 74, '', '2006-04-14'),
(2249, 94, 13, 83, 'UNPAID', '2011-04-03'),
(2250, 458, 51, 122, 'PAID', '2000-07-19'),
(2251, 287, 8, 62, 'PROCESSING', '2012-08-26'),
(2252, 56, 27, 114, 'UNPAID', '2004-08-25'),
(2253, 397, 60, 101, '', '2001-08-06'),
(2254, 1, 60, 82, '', '2008-09-07'),
(2255, 342, 13, 265, 'PAID', '2004-02-20'),
(2256, 142, 48, 188, 'PROCESSING', '2001-01-12'),
(2257, 233, 41, 83, 'PAID', '2006-08-08'),
(2258, 315, 15, 141, 'DELIVERED', '2001-09-17'),
(2259, 397, 27, 243, 'PROCESSING', '2007-09-23'),
(2260, 455, 51, 148, 'PAID', '2006-02-18'),
(2261, 327, 8, 8, 'UNPAID', '2009-04-12'),
(2262, 137, 59, 212, '', '2001-03-16'),
(2263, 124, 60, 42, 'UNPAID', '2004-12-16'),
(2264, 460, 42, 107, '', '2005-11-03'),
(2265, 459, 63, 210, 'DELIVERED', '2000-09-21'),
(2266, 400, 2, 50, 'UNPAID', '2012-11-01'),
(2267, 27, 3, 173, 'PAID', '2012-09-11'),
(2268, 137, 43, 281, 'PAID', '2003-04-03'),
(2269, 354, 10, 48, 'DELIVERED', '2001-11-08'),
(2270, 87, 38, 1, '', '2007-02-03'),
(2271, 263, 3, 30, 'PROCESSING', '2000-09-26'),
(2272, 14, 26, 80, 'PAID', '2000-03-15'),
(2273, 170, 33, 180, 'UNPAID', '2008-10-21'),
(2274, 359, 40, 295, '', '2002-12-26'),
(2275, 392, 10, 296, 'PAID', '2002-02-26'),
(2276, 127, 50, 247, 'PAID', '2001-02-17'),
(2277, 92, 19, 34, 'PROCESSING', '2010-09-17'),
(2278, 200, 31, 97, 'UNPAID', '2001-04-02'),
(2279, 135, 19, 284, 'UNPAID', '2005-12-12'),
(2280, 303, 1, 101, '', '2010-02-05'),
(2281, 447, 16, 226, 'UNPAID', '2006-11-18'),
(2282, 146, 38, 68, 'DELIVERED', '2000-07-24'),
(2283, 60, 56, 267, 'PAID', '2001-11-14'),
(2284, 279, 50, 265, 'UNPAID', '2010-03-02'),
(2285, 269, 25, 67, 'PROCESSING', '2007-12-16'),
(2286, 64, 55, 56, 'PROCESSING', '2005-05-04'),
(2287, 222, 62, 293, 'PROCESSING', '2010-11-28'),
(2288, 459, 46, 132, 'PROCESSING', '2006-04-20'),
(2289, 119, 35, 226, 'DELIVERED', '2011-12-07'),
(2290, 252, 62, 242, 'DELIVERED', '2010-12-02'),
(2291, 96, 26, 61, 'DELIVERED', '2004-03-07'),
(2292, 74, 3, 56, 'UNPAID', '2009-08-17'),
(2293, 100, 62, 85, 'PROCESSING', '2006-01-07'),
(2294, 190, 1, 146, '', '2012-04-16'),
(2295, 360, 18, 184, '', '2008-10-17'),
(2296, 10, 65, 238, 'UNPAID', '2000-12-08'),
(2297, 378, 40, 255, '', '2007-02-12'),
(2298, 16, 11, 197, 'PROCESSING', '2002-02-09'),
(2299, 56, 28, 259, '', '2009-06-22'),
(2300, 182, 19, 105, 'PAID', '2003-02-16'),
(2301, 152, 8, 246, 'UNPAID', '2009-08-02'),
(2302, 136, 52, 143, 'PAID', '2012-02-21'),
(2303, 58, 18, 14, 'PAID', '2009-11-03'),
(2304, 196, 25, 256, 'DELIVERED', '2008-03-05'),
(2305, 463, 23, 217, 'PAID', '2006-07-10'),
(2306, 96, 14, 117, 'PROCESSING', '2012-11-22'),
(2307, 467, 65, 152, 'UNPAID', '2003-07-09'),
(2308, 474, 30, 114, 'PAID', '2010-03-04'),
(2309, 246, 29, 90, 'PROCESSING', '2010-01-20'),
(2310, 122, 37, 10, 'PROCESSING', '2009-06-26'),
(2311, 373, 19, 209, 'DELIVERED', '2003-03-22'),
(2312, 268, 49, 26, 'PROCESSING', '2002-06-25'),
(2313, 21, 46, 5, 'PROCESSING', '2001-04-28'),
(2314, 446, 22, 206, 'UNPAID', '2011-09-17'),
(2315, 320, 9, 156, 'PROCESSING', '2005-03-04'),
(2316, 342, 28, 272, 'PAID', '2002-12-22'),
(2317, 186, 30, 190, 'PROCESSING', '2001-08-27'),
(2318, 136, 63, 284, 'UNPAID', '2003-08-10'),
(2319, 89, 23, 284, '', '2006-06-07'),
(2320, 441, 45, 110, 'PROCESSING', '2001-04-24'),
(2321, 131, 17, 178, 'DELIVERED', '2009-03-02'),
(2322, 422, 57, 7, 'UNPAID', '2010-12-10'),
(2323, 59, 39, 201, 'PAID', '2012-08-04'),
(2324, 210, 6, 114, 'PAID', '2009-09-26'),
(2325, 419, 1, 228, 'UNPAID', '2003-05-22'),
(2326, 485, 38, 249, '', '2005-11-28'),
(2327, 132, 54, 93, 'PAID', '2005-12-20'),
(2328, 180, 39, 248, 'DELIVERED', '2008-03-04'),
(2329, 208, 62, 12, 'PAID', '2012-10-12'),
(2330, 116, 10, 49, 'PAID', '2009-12-03'),
(2331, 77, 55, 18, 'PROCESSING', '2008-05-23'),
(2332, 39, 23, 152, 'PROCESSING', '2012-04-07'),
(2333, 293, 35, 108, 'UNPAID', '2006-05-09'),
(2334, 214, 13, 208, 'DELIVERED', '2004-11-26'),
(2335, 27, 55, 291, 'PAID', '2008-01-18'),
(2336, 167, 26, 135, 'PROCESSING', '2009-12-25'),
(2337, 327, 19, 32, 'PAID', '2010-06-08'),
(2338, 142, 56, 173, 'DELIVERED', '2000-04-12'),
(2339, 192, 8, 88, 'PROCESSING', '2012-04-19'),
(2340, 315, 19, 86, '', '2008-09-12'),
(2341, 206, 45, 80, 'UNPAID', '2012-05-10'),
(2342, 385, 55, 189, 'UNPAID', '2008-03-23'),
(2343, 364, 31, 58, 'UNPAID', '2007-06-17'),
(2344, 273, 49, 69, 'UNPAID', '2000-07-06'),
(2345, 350, 17, 175, 'UNPAID', '2012-11-07'),
(2346, 445, 15, 170, 'DELIVERED', '2000-03-22'),
(2347, 362, 26, 169, 'PROCESSING', '2011-10-18');
INSERT INTO `orders` (`orders_id`, `clients_id`, `products_id`, `price`, `status`, `o_time`) VALUES
(2348, 230, 16, 57, 'UNPAID', '2012-06-07'),
(2349, 3, 61, 122, 'DELIVERED', '2002-12-24'),
(2350, 58, 55, 21, 'UNPAID', '2000-08-21'),
(2351, 48, 54, 145, '', '2002-01-09'),
(2352, 50, 52, 279, 'PROCESSING', '2000-02-17'),
(2353, 2, 35, 246, 'UNPAID', '2006-03-21'),
(2354, 319, 14, 172, 'DELIVERED', '2000-08-23'),
(2355, 42, 18, 154, 'UNPAID', '2001-12-01'),
(2356, 160, 3, 100, 'PROCESSING', '2010-04-28'),
(2357, 423, 25, 177, '', '2011-05-25'),
(2358, 188, 41, 179, 'UNPAID', '2010-03-23'),
(2359, 424, 53, 179, '', '2001-02-04'),
(2360, 88, 7, 44, 'PROCESSING', '2001-06-27'),
(2361, 477, 48, 278, '', '2001-07-20'),
(2362, 13, 60, 171, 'PROCESSING', '2007-02-13'),
(2363, 181, 22, 73, 'PAID', '2001-11-06'),
(2364, 108, 62, 94, 'PAID', '2000-06-26'),
(2365, 91, 61, 250, 'UNPAID', '2008-10-28'),
(2366, 381, 18, 206, '', '2002-04-06'),
(2367, 354, 28, 196, 'UNPAID', '2009-11-10'),
(2368, 435, 48, 153, 'UNPAID', '2008-10-15'),
(2369, 354, 19, 122, '', '2002-03-02'),
(2370, 429, 65, 16, 'DELIVERED', '2003-09-13'),
(2371, 217, 65, 200, 'UNPAID', '2005-04-08'),
(2372, 76, 14, 175, 'UNPAID', '2012-02-05'),
(2373, 303, 60, 194, 'PAID', '2002-01-07'),
(2374, 195, 19, 93, 'PAID', '2003-05-26'),
(2375, 264, 7, 114, '', '2001-01-05'),
(2376, 240, 24, 120, 'DELIVERED', '2007-12-20'),
(2377, 249, 5, 248, 'UNPAID', '2012-06-14'),
(2378, 81, 34, 214, 'PROCESSING', '2010-01-24'),
(2379, 42, 25, 228, 'DELIVERED', '2006-02-17'),
(2380, 272, 12, 224, 'UNPAID', '2006-02-20'),
(2381, 49, 8, 111, 'DELIVERED', '2002-03-21'),
(2382, 81, 44, 59, 'PAID', '2002-11-25'),
(2383, 487, 61, 217, 'UNPAID', '2003-06-20'),
(2384, 381, 40, 92, 'PAID', '2010-01-11'),
(2385, 159, 13, 19, 'PROCESSING', '2004-06-01'),
(2386, 246, 41, 228, 'DELIVERED', '2003-12-28'),
(2387, 233, 57, 264, 'PROCESSING', '2010-08-16'),
(2388, 48, 6, 75, '', '2008-07-06'),
(2389, 237, 40, 175, '', '2010-08-07'),
(2390, 53, 5, 78, 'DELIVERED', '2009-01-08'),
(2391, 482, 64, 79, 'PROCESSING', '2010-02-26'),
(2392, 310, 49, 142, 'DELIVERED', '2010-09-17'),
(2393, 249, 18, 243, '', '2011-05-23'),
(2394, 329, 3, 9, 'DELIVERED', '2001-04-11'),
(2395, 393, 20, 197, 'DELIVERED', '2003-11-07'),
(2396, 58, 4, 50, 'DELIVERED', '2010-08-14'),
(2397, 300, 24, 25, 'UNPAID', '2008-11-04'),
(2398, 250, 19, 272, 'UNPAID', '2004-12-27'),
(2399, 207, 15, 103, 'PAID', '2006-12-01'),
(2400, 393, 60, 74, '', '2012-05-19'),
(2401, 373, 3, 45, 'PAID', '2005-03-14'),
(2402, 16, 8, 180, 'PROCESSING', '2005-07-21'),
(2403, 352, 29, 203, 'UNPAID', '2008-01-11'),
(2404, 87, 1, 110, '', '2011-08-26'),
(2405, 435, 2, 171, 'DELIVERED', '2000-09-01'),
(2406, 225, 62, 153, 'PROCESSING', '2000-02-01'),
(2407, 228, 40, 225, 'UNPAID', '2000-06-09'),
(2408, 342, 29, 205, '', '2005-01-24'),
(2409, 181, 43, 225, 'PAID', '2008-04-26'),
(2410, 358, 2, 277, 'UNPAID', '2012-06-19'),
(2411, 16, 35, 212, 'PROCESSING', '2001-06-19'),
(2412, 92, 58, 300, '', '2004-09-22'),
(2413, 374, 48, 182, 'UNPAID', '2004-05-11'),
(2414, 25, 44, 88, 'DELIVERED', '2009-03-28'),
(2415, 325, 42, 193, 'DELIVERED', '2002-05-06'),
(2416, 158, 53, 260, 'PROCESSING', '2008-11-11'),
(2417, 488, 36, 43, 'DELIVERED', '2003-09-25'),
(2418, 317, 7, 84, 'DELIVERED', '2009-07-14'),
(2419, 224, 51, 132, 'UNPAID', '2005-01-23'),
(2420, 296, 29, 1, '', '2003-11-13'),
(2421, 449, 48, 247, '', '2003-12-19'),
(2422, 266, 47, 168, 'UNPAID', '2010-11-25'),
(2423, 280, 27, 107, 'UNPAID', '2002-10-05'),
(2424, 298, 57, 287, 'PAID', '2003-12-04'),
(2425, 266, 54, 170, 'PROCESSING', '2007-05-11'),
(2426, 409, 23, 11, 'PAID', '2000-08-16'),
(2427, 427, 28, 134, 'PROCESSING', '2010-10-14'),
(2428, 6, 39, 184, 'DELIVERED', '2006-07-24'),
(2429, 381, 35, 289, 'PAID', '2004-07-22'),
(2430, 446, 60, 43, 'DELIVERED', '2003-03-04'),
(2431, 161, 50, 204, 'UNPAID', '2002-02-18'),
(2432, 11, 60, 32, 'UNPAID', '2006-09-19'),
(2433, 483, 19, 144, 'DELIVERED', '2010-06-03'),
(2434, 77, 63, 257, 'UNPAID', '2011-12-23'),
(2435, 72, 12, 278, 'PROCESSING', '2012-08-19'),
(2436, 65, 48, 93, 'UNPAID', '2008-05-06'),
(2437, 81, 9, 252, 'UNPAID', '2005-04-26'),
(2438, 105, 50, 297, 'PAID', '2009-11-13'),
(2439, 297, 55, 74, 'DELIVERED', '2000-03-07'),
(2440, 467, 51, 269, 'UNPAID', '2006-03-07'),
(2441, 76, 40, 128, 'PAID', '2009-04-14'),
(2442, 74, 38, 113, 'PAID', '2004-05-21'),
(2443, 28, 14, 51, 'DELIVERED', '2000-05-12'),
(2444, 28, 39, 192, 'UNPAID', '2004-07-03'),
(2445, 425, 49, 100, 'UNPAID', '2004-10-10'),
(2446, 47, 2, 242, 'PAID', '2007-03-18'),
(2447, 455, 36, 103, '', '2009-07-19'),
(2448, 388, 60, 19, '', '2006-09-24'),
(2449, 426, 16, 285, 'DELIVERED', '2012-04-22'),
(2450, 162, 3, 30, 'PROCESSING', '2000-11-19'),
(2451, 318, 6, 83, 'PROCESSING', '2008-08-16'),
(2452, 183, 9, 63, 'UNPAID', '2000-04-01'),
(2453, 272, 64, 262, 'PROCESSING', '2002-10-05'),
(2454, 90, 7, 276, 'PROCESSING', '2001-01-27'),
(2455, 92, 60, 182, '', '2000-11-12'),
(2456, 309, 33, 292, 'UNPAID', '2008-03-05'),
(2457, 328, 30, 55, 'PAID', '2005-01-19'),
(2458, 309, 57, 243, '', '2012-09-10'),
(2459, 52, 49, 78, 'PAID', '2008-11-04'),
(2460, 328, 49, 162, 'PAID', '2003-07-09'),
(2461, 423, 45, 141, 'PROCESSING', '2001-08-22'),
(2462, 275, 46, 121, 'UNPAID', '2007-03-01'),
(2463, 265, 61, 98, 'DELIVERED', '2008-08-27'),
(2464, 168, 30, 19, 'UNPAID', '2002-08-09'),
(2465, 213, 7, 184, 'PAID', '2010-01-24'),
(2466, 457, 48, 174, 'PROCESSING', '2005-12-20'),
(2467, 1, 13, 205, 'PROCESSING', '2001-01-06'),
(2468, 394, 39, 36, 'UNPAID', '2000-03-05'),
(2469, 116, 51, 140, 'DELIVERED', '2011-01-27'),
(2470, 333, 11, 236, 'DELIVERED', '2011-05-03'),
(2471, 158, 23, 236, 'PAID', '2006-06-25'),
(2472, 322, 31, 14, 'PROCESSING', '2000-02-17'),
(2473, 55, 23, 229, 'PAID', '2001-03-01'),
(2474, 5, 20, 293, 'DELIVERED', '2006-10-09'),
(2475, 174, 9, 121, 'DELIVERED', '2006-03-28'),
(2476, 2, 43, 258, 'DELIVERED', '2001-11-04'),
(2477, 95, 5, 217, 'PAID', '2005-06-19'),
(2478, 266, 47, 199, 'PROCESSING', '2000-08-07'),
(2479, 236, 26, 160, '', '2006-12-15'),
(2480, 489, 8, 153, 'UNPAID', '2009-05-19'),
(2481, 437, 18, 234, 'UNPAID', '2004-06-11'),
(2482, 374, 64, 11, 'PAID', '2009-09-24'),
(2483, 348, 22, 27, 'UNPAID', '2009-08-01'),
(2484, 128, 36, 161, 'PAID', '2008-01-08'),
(2485, 215, 27, 276, 'PAID', '2008-09-12'),
(2486, 15, 13, 240, 'DELIVERED', '2002-11-03'),
(2487, 428, 35, 285, 'PROCESSING', '2011-01-22'),
(2488, 295, 43, 240, '', '2002-04-04'),
(2489, 431, 25, 114, 'PAID', '2010-04-19'),
(2490, 232, 65, 18, 'PROCESSING', '2002-11-09'),
(2491, 179, 46, 118, 'PAID', '2002-05-23'),
(2492, 45, 25, 178, 'DELIVERED', '2000-05-16'),
(2493, 117, 47, 203, 'UNPAID', '2001-01-13'),
(2494, 434, 23, 25, 'PAID', '2004-02-25'),
(2495, 259, 65, 48, '', '2008-07-04'),
(2496, 449, 58, 284, 'UNPAID', '2003-07-20'),
(2497, 142, 61, 75, 'PROCESSING', '2008-12-18'),
(2498, 364, 64, 23, 'DELIVERED', '2004-02-28'),
(2499, 326, 20, 255, 'UNPAID', '2003-01-03'),
(2500, 482, 37, 64, '', '2005-02-26'),
(2501, 344, 46, 180, '', '2008-11-15'),
(2502, 130, 51, 47, 'UNPAID', '2009-03-18'),
(2503, 35, 26, 187, 'DELIVERED', '2008-06-26'),
(2504, 479, 31, 3, '', '2000-03-24'),
(2505, 231, 25, 228, 'UNPAID', '2000-05-05'),
(2506, 338, 14, 203, '', '2012-10-27'),
(2507, 353, 5, 179, 'DELIVERED', '2005-03-15'),
(2508, 67, 45, 135, 'UNPAID', '2002-06-02'),
(2509, 92, 44, 278, 'DELIVERED', '2000-09-24'),
(2510, 59, 3, 297, '', '2003-08-22'),
(2511, 107, 33, 217, '', '2007-04-21'),
(2512, 4, 35, 76, 'UNPAID', '2002-09-08'),
(2513, 183, 11, 98, 'PROCESSING', '2010-03-07'),
(2514, 432, 61, 14, 'UNPAID', '2012-01-23'),
(2515, 106, 46, 172, 'PROCESSING', '2002-04-11'),
(2516, 365, 40, 29, 'DELIVERED', '2001-05-26'),
(2517, 172, 3, 45, 'DELIVERED', '2002-06-08'),
(2518, 16, 47, 150, '', '2008-07-26'),
(2519, 308, 38, 217, '', '2003-04-08'),
(2520, 228, 39, 194, 'PAID', '2002-09-27'),
(2521, 161, 6, 256, 'DELIVERED', '2001-01-12'),
(2522, 164, 31, 205, 'PAID', '2002-03-08'),
(2523, 416, 48, 58, 'PROCESSING', '2003-11-09'),
(2524, 285, 14, 177, 'UNPAID', '2010-03-08'),
(2525, 484, 64, 65, 'PAID', '2000-01-28'),
(2526, 95, 5, 118, 'PROCESSING', '2007-01-26'),
(2527, 360, 17, 52, 'PROCESSING', '2012-05-02'),
(2528, 137, 19, 112, '', '2006-12-26'),
(2529, 140, 13, 49, 'PAID', '2002-05-17'),
(2530, 112, 29, 174, 'PROCESSING', '2006-12-27'),
(2531, 27, 3, 253, 'DELIVERED', '2003-01-11'),
(2532, 130, 25, 128, 'PROCESSING', '2008-10-12'),
(2533, 73, 50, 92, 'PROCESSING', '2012-06-20'),
(2534, 58, 55, 88, 'PAID', '2003-11-22'),
(2535, 394, 55, 216, '', '2011-07-19'),
(2536, 83, 38, 5, 'PROCESSING', '2012-06-28'),
(2537, 300, 16, 113, 'DELIVERED', '2012-09-06'),
(2538, 462, 10, 269, 'UNPAID', '2012-03-12'),
(2539, 137, 4, 52, 'UNPAID', '2011-11-27'),
(2540, 380, 30, 176, '', '2000-08-11'),
(2541, 478, 3, 104, 'PROCESSING', '2003-09-10'),
(2542, 132, 27, 162, 'PAID', '2007-06-08'),
(2543, 264, 41, 202, '', '2008-11-26'),
(2544, 283, 48, 252, 'PAID', '2002-06-09'),
(2545, 102, 2, 200, 'UNPAID', '2000-01-22'),
(2546, 168, 48, 35, 'DELIVERED', '2001-08-24'),
(2547, 333, 6, 28, 'PAID', '2009-10-01'),
(2548, 191, 40, 281, '', '2004-10-09'),
(2549, 259, 13, 183, 'DELIVERED', '2002-04-26'),
(2550, 139, 19, 206, 'DELIVERED', '2000-10-07'),
(2551, 73, 30, 18, '', '2007-02-02'),
(2552, 123, 60, 24, 'DELIVERED', '2006-01-17'),
(2553, 426, 51, 277, 'PAID', '2012-07-04'),
(2554, 97, 53, 14, 'PROCESSING', '2001-09-03'),
(2555, 52, 35, 103, 'PAID', '2012-05-03'),
(2556, 256, 36, 37, 'DELIVERED', '2006-03-12'),
(2557, 486, 14, 4, '', '2012-12-08'),
(2558, 478, 30, 116, 'UNPAID', '2003-06-19'),
(2559, 174, 11, 226, 'PROCESSING', '2008-02-20'),
(2560, 330, 33, 236, 'UNPAID', '2000-11-27'),
(2561, 252, 7, 112, 'PROCESSING', '2004-05-11'),
(2562, 153, 21, 185, 'PAID', '2010-01-13'),
(2563, 21, 29, 32, 'PAID', '2007-11-24'),
(2564, 140, 62, 169, '', '2005-05-05'),
(2565, 244, 17, 34, 'UNPAID', '2004-06-15'),
(2566, 332, 57, 264, '', '2002-06-08'),
(2567, 472, 33, 219, 'UNPAID', '2012-10-12'),
(2568, 255, 45, 76, '', '2008-10-22'),
(2569, 43, 11, 274, 'PROCESSING', '2005-01-17'),
(2570, 382, 34, 33, 'PROCESSING', '2004-12-13'),
(2571, 276, 32, 216, 'PROCESSING', '2012-06-15'),
(2572, 442, 19, 278, 'PROCESSING', '2012-03-07'),
(2573, 297, 65, 297, 'DELIVERED', '2002-11-08'),
(2574, 283, 61, 262, 'PAID', '2005-12-23'),
(2575, 399, 63, 77, 'PAID', '2005-12-26'),
(2576, 207, 28, 128, 'PAID', '2009-05-21'),
(2577, 325, 35, 291, 'PAID', '2006-12-27'),
(2578, 335, 56, 72, 'PAID', '2010-02-18'),
(2579, 109, 6, 128, 'UNPAID', '2000-09-12'),
(2580, 246, 43, 94, '', '2001-09-07'),
(2581, 380, 6, 297, 'PROCESSING', '2008-12-20'),
(2582, 72, 60, 200, '', '2010-11-03'),
(2583, 275, 1, 211, 'DELIVERED', '2001-02-23'),
(2584, 77, 53, 70, 'DELIVERED', '2006-07-17'),
(2585, 269, 19, 247, 'PAID', '2004-10-22'),
(2586, 487, 50, 140, 'UNPAID', '2008-02-28'),
(2587, 223, 3, 17, 'UNPAID', '2000-10-23'),
(2588, 74, 58, 185, 'PAID', '2009-11-27'),
(2589, 83, 26, 163, 'DELIVERED', '2008-05-02'),
(2590, 20, 12, 240, 'UNPAID', '2012-04-05'),
(2591, 306, 26, 42, 'UNPAID', '2005-03-03'),
(2592, 235, 62, 267, 'DELIVERED', '2010-07-27'),
(2593, 265, 23, 269, 'DELIVERED', '2009-06-12'),
(2594, 200, 53, 139, 'PROCESSING', '2012-04-14'),
(2595, 453, 34, 196, 'PROCESSING', '2011-10-18'),
(2596, 169, 65, 216, '', '2012-08-13'),
(2597, 382, 8, 116, 'PAID', '2005-04-01'),
(2598, 98, 47, 135, 'DELIVERED', '2006-11-02'),
(2599, 249, 11, 160, 'PROCESSING', '2008-03-28'),
(2600, 294, 64, 182, '', '2012-04-22'),
(2601, 441, 61, 65, 'DELIVERED', '2000-08-28'),
(2602, 246, 58, 7, 'DELIVERED', '2007-06-09'),
(2603, 62, 25, 109, 'DELIVERED', '2007-11-02'),
(2604, 112, 6, 13, '', '2000-08-22'),
(2605, 6, 63, 162, '', '2011-10-17'),
(2606, 460, 23, 176, 'PROCESSING', '2003-08-04'),
(2607, 409, 5, 134, '', '2005-10-17'),
(2608, 489, 46, 197, 'PAID', '2010-09-02'),
(2609, 407, 23, 247, '', '2004-05-21'),
(2610, 105, 8, 102, 'UNPAID', '2006-12-17'),
(2611, 344, 35, 219, 'PROCESSING', '2007-03-14'),
(2612, 27, 64, 26, 'UNPAID', '2008-09-08'),
(2613, 225, 29, 99, 'PAID', '2010-02-04'),
(2614, 51, 34, 264, 'PAID', '2008-03-14'),
(2615, 44, 9, 18, 'DELIVERED', '2008-10-10'),
(2616, 129, 63, 245, 'PAID', '2012-11-11'),
(2617, 306, 42, 194, 'UNPAID', '2001-12-11'),
(2618, 427, 8, 150, '', '2008-05-09'),
(2619, 123, 39, 228, 'PAID', '2009-10-04'),
(2620, 189, 40, 135, 'DELIVERED', '2007-04-28'),
(2621, 247, 11, 101, 'UNPAID', '2010-12-06'),
(2622, 438, 62, 174, 'DELIVERED', '2000-01-21'),
(2623, 341, 30, 9, '', '2000-10-08'),
(2624, 373, 40, 123, 'UNPAID', '2002-11-23'),
(2625, 375, 9, 229, 'PAID', '2003-02-12'),
(2626, 49, 5, 181, '', '2000-03-22'),
(2627, 44, 17, 149, 'DELIVERED', '2009-07-21'),
(2628, 364, 21, 4, 'PROCESSING', '2011-06-19'),
(2629, 56, 19, 133, '', '2005-03-05'),
(2630, 340, 20, 162, 'DELIVERED', '2004-02-22'),
(2631, 192, 21, 163, 'PROCESSING', '2007-01-08'),
(2632, 138, 37, 298, 'UNPAID', '2011-01-15'),
(2633, 381, 28, 51, '', '2009-08-22'),
(2634, 52, 53, 274, 'DELIVERED', '2001-06-17'),
(2635, 237, 39, 114, '', '2011-12-10'),
(2636, 239, 63, 186, 'DELIVERED', '2006-08-23'),
(2637, 187, 40, 94, 'UNPAID', '2000-06-02'),
(2638, 364, 6, 244, '', '2011-09-19'),
(2639, 9, 12, 72, 'PROCESSING', '2009-08-11'),
(2640, 331, 35, 219, 'UNPAID', '2006-05-27'),
(2641, 3, 63, 215, 'PAID', '2007-01-16'),
(2642, 299, 33, 177, 'PAID', '2007-05-06'),
(2643, 248, 9, 254, 'PROCESSING', '2003-02-01'),
(2644, 32, 46, 119, 'DELIVERED', '2003-02-26'),
(2645, 358, 31, 249, 'DELIVERED', '2005-07-04'),
(2646, 488, 38, 199, 'DELIVERED', '2001-04-27'),
(2647, 332, 43, 47, 'UNPAID', '2010-01-20'),
(2648, 41, 6, 218, 'UNPAID', '2010-02-25'),
(2649, 14, 17, 236, 'DELIVERED', '2009-08-14'),
(2650, 70, 11, 184, 'UNPAID', '2009-04-21'),
(2651, 396, 35, 210, 'PROCESSING', '2002-11-19'),
(2652, 474, 56, 111, 'UNPAID', '2012-02-06'),
(2653, 362, 15, 25, 'DELIVERED', '2006-11-15'),
(2654, 89, 32, 4, 'PAID', '2008-08-13'),
(2655, 180, 59, 60, 'UNPAID', '2005-11-19'),
(2656, 300, 49, 96, 'PROCESSING', '2007-09-18'),
(2657, 274, 51, 248, 'PAID', '2012-11-02'),
(2658, 225, 51, 175, 'DELIVERED', '2003-08-27'),
(2659, 436, 15, 126, 'PAID', '2001-08-12'),
(2660, 266, 34, 25, 'UNPAID', '2003-05-21'),
(2661, 431, 6, 108, 'PROCESSING', '2011-03-21'),
(2662, 421, 6, 238, 'PAID', '2011-05-27'),
(2663, 58, 63, 275, 'UNPAID', '2002-04-08'),
(2664, 147, 62, 207, '', '2006-10-28'),
(2665, 360, 12, 218, 'DELIVERED', '2003-02-02'),
(2666, 60, 18, 235, '', '2004-07-09'),
(2667, 111, 62, 76, 'PAID', '2011-02-10'),
(2668, 46, 33, 184, 'PAID', '2005-04-07'),
(2669, 448, 5, 68, 'DELIVERED', '2003-12-08'),
(2670, 247, 3, 94, 'DELIVERED', '2003-02-17'),
(2671, 327, 44, 270, '', '2007-02-07'),
(2672, 256, 21, 175, 'DELIVERED', '2010-03-01'),
(2673, 129, 33, 72, 'UNPAID', '2007-06-24'),
(2674, 399, 27, 26, 'PAID', '2005-05-27'),
(2675, 372, 32, 164, 'PROCESSING', '2001-06-09'),
(2676, 375, 39, 165, 'PAID', '2011-02-26'),
(2677, 354, 22, 272, '', '2010-02-05'),
(2678, 190, 40, 297, 'UNPAID', '2000-01-15'),
(2679, 232, 31, 137, 'PAID', '2012-12-19'),
(2680, 54, 29, 291, '', '2000-07-05'),
(2681, 462, 43, 18, 'DELIVERED', '2012-12-19'),
(2682, 391, 7, 244, 'UNPAID', '2009-10-11'),
(2683, 360, 57, 270, 'PAID', '2004-05-13'),
(2684, 144, 24, 27, 'PROCESSING', '2010-01-08'),
(2685, 407, 38, 131, 'DELIVERED', '2002-06-13'),
(2686, 101, 30, 25, 'UNPAID', '2007-11-06'),
(2687, 138, 45, 172, 'UNPAID', '2007-06-07'),
(2688, 439, 54, 197, 'UNPAID', '2002-09-17'),
(2689, 478, 53, 260, '', '2004-04-17'),
(2690, 299, 52, 3, '', '2003-02-23'),
(2691, 401, 64, 1, 'UNPAID', '2008-07-04'),
(2692, 114, 3, 100, 'UNPAID', '2011-12-09'),
(2693, 24, 48, 272, 'UNPAID', '2007-10-24'),
(2694, 452, 5, 122, 'PROCESSING', '2011-05-10'),
(2695, 54, 33, 49, '', '2006-02-01'),
(2696, 79, 49, 42, 'PAID', '2010-06-15'),
(2697, 320, 30, 251, 'DELIVERED', '2002-09-21'),
(2698, 358, 34, 167, 'DELIVERED', '2007-12-06'),
(2699, 213, 25, 159, 'PROCESSING', '2011-09-14'),
(2700, 181, 56, 150, 'PROCESSING', '2007-08-26'),
(2701, 186, 7, 133, 'UNPAID', '2007-04-21'),
(2702, 368, 2, 139, 'PROCESSING', '2006-01-04'),
(2703, 50, 64, 95, 'PROCESSING', '2004-11-03'),
(2704, 114, 35, 166, 'DELIVERED', '2005-01-04'),
(2705, 484, 45, 16, 'PAID', '2010-06-12'),
(2706, 170, 51, 40, 'UNPAID', '2010-08-17'),
(2707, 156, 40, 213, 'PROCESSING', '2007-01-27'),
(2708, 459, 57, 11, 'UNPAID', '2005-08-22'),
(2709, 389, 42, 270, 'DELIVERED', '2004-12-05'),
(2710, 52, 29, 164, 'PROCESSING', '2002-09-16'),
(2711, 4, 18, 37, 'PAID', '2011-10-21'),
(2712, 228, 56, 210, 'PROCESSING', '2009-09-16'),
(2713, 61, 21, 101, '', '2012-03-20'),
(2714, 133, 12, 254, 'PAID', '2008-05-24'),
(2715, 414, 5, 112, '', '2004-06-05'),
(2716, 107, 21, 276, 'DELIVERED', '2002-08-03'),
(2717, 440, 23, 195, 'UNPAID', '2008-12-27'),
(2718, 301, 15, 190, '', '2005-06-08'),
(2719, 14, 57, 26, '', '2012-06-21'),
(2720, 134, 62, 269, 'PROCESSING', '2003-10-05'),
(2721, 218, 28, 76, 'PAID', '2010-11-11'),
(2722, 215, 58, 89, 'UNPAID', '2001-12-27'),
(2723, 248, 27, 59, 'PROCESSING', '2003-04-12'),
(2724, 101, 48, 37, 'PROCESSING', '2008-01-28'),
(2725, 465, 55, 41, 'PAID', '2003-05-21'),
(2726, 18, 19, 27, 'PROCESSING', '2002-05-15'),
(2727, 139, 21, 138, 'DELIVERED', '2009-08-09'),
(2728, 485, 61, 216, 'UNPAID', '2008-11-19'),
(2729, 168, 56, 191, 'PAID', '2008-10-20'),
(2730, 467, 11, 124, '', '2005-07-13'),
(2731, 308, 58, 295, '', '2002-06-20'),
(2732, 449, 6, 5, '', '2000-09-03'),
(2733, 336, 38, 231, 'UNPAID', '2005-05-09'),
(2734, 61, 12, 299, 'UNPAID', '2004-05-02'),
(2735, 386, 59, 157, 'PROCESSING', '2010-07-10'),
(2736, 485, 62, 7, '', '2000-01-23'),
(2737, 28, 51, 272, 'DELIVERED', '2004-09-22'),
(2738, 382, 6, 25, '', '2003-01-28'),
(2739, 289, 32, 13, 'PAID', '2005-07-23'),
(2740, 90, 5, 35, 'UNPAID', '2000-02-03'),
(2741, 24, 12, 265, 'UNPAID', '2012-10-24'),
(2742, 145, 31, 184, 'UNPAID', '2007-09-28'),
(2743, 391, 51, 287, 'PAID', '2003-12-22'),
(2744, 318, 37, 166, '', '2008-09-01'),
(2745, 314, 53, 24, 'DELIVERED', '2012-12-23'),
(2746, 458, 49, 192, 'PAID', '2002-04-09'),
(2747, 370, 62, 85, 'PROCESSING', '2009-03-27'),
(2748, 478, 16, 210, 'DELIVERED', '2010-03-13'),
(2749, 205, 60, 137, 'UNPAID', '2009-07-21'),
(2750, 347, 33, 162, 'DELIVERED', '2003-03-25'),
(2751, 224, 28, 52, 'PAID', '2004-06-22'),
(2752, 43, 45, 209, 'UNPAID', '2011-05-20'),
(2753, 349, 42, 41, 'UNPAID', '2007-08-06'),
(2754, 138, 9, 280, '', '2008-06-18'),
(2755, 424, 42, 150, 'PAID', '2000-09-15'),
(2756, 217, 9, 88, 'PROCESSING', '2010-12-17'),
(2757, 361, 25, 83, 'PROCESSING', '2000-05-17'),
(2758, 283, 1, 230, '', '2001-09-24'),
(2759, 369, 11, 142, 'DELIVERED', '2010-12-27'),
(2760, 433, 42, 141, 'PAID', '2009-10-24'),
(2761, 285, 49, 134, 'PAID', '2001-09-22'),
(2762, 71, 9, 102, 'DELIVERED', '2001-02-17'),
(2763, 130, 53, 127, 'UNPAID', '2012-11-18'),
(2764, 382, 57, 172, 'DELIVERED', '2006-01-28'),
(2765, 134, 52, 253, '', '2007-04-05'),
(2766, 329, 1, 280, '', '2001-04-16'),
(2767, 133, 25, 35, 'PROCESSING', '2002-07-16'),
(2768, 70, 28, 55, '', '2003-10-17'),
(2769, 392, 52, 172, 'UNPAID', '2007-05-26'),
(2770, 68, 46, 29, '', '2009-01-18'),
(2771, 415, 20, 49, 'UNPAID', '2008-04-19'),
(2772, 415, 53, 60, '', '2003-05-26'),
(2773, 264, 9, 148, 'PAID', '2012-01-12'),
(2774, 255, 32, 100, 'DELIVERED', '2002-06-14'),
(2775, 436, 30, 29, 'DELIVERED', '2009-04-24'),
(2776, 205, 35, 151, 'PAID', '2004-09-08'),
(2777, 290, 6, 48, 'UNPAID', '2002-08-14'),
(2778, 71, 47, 262, 'DELIVERED', '2002-03-09'),
(2779, 185, 42, 237, 'PAID', '2001-11-01'),
(2780, 408, 10, 256, 'PAID', '2008-05-15'),
(2781, 10, 4, 230, 'DELIVERED', '2001-12-21'),
(2782, 171, 38, 62, 'PROCESSING', '2003-01-05'),
(2783, 240, 19, 143, '', '2011-04-04'),
(2784, 489, 10, 40, '', '2003-12-03'),
(2785, 470, 22, 178, '', '2004-05-17'),
(2786, 253, 19, 99, '', '2011-07-10'),
(2787, 73, 40, 152, 'DELIVERED', '2011-12-15'),
(2788, 395, 16, 191, '', '2005-10-18'),
(2789, 332, 49, 213, 'DELIVERED', '2001-04-18'),
(2790, 231, 43, 60, '', '2012-07-24'),
(2791, 386, 4, 61, '', '2008-09-17'),
(2792, 272, 45, 24, 'PAID', '2012-09-05'),
(2793, 158, 32, 238, '', '2003-07-18'),
(2794, 157, 53, 73, 'DELIVERED', '2005-06-22'),
(2795, 191, 63, 188, 'UNPAID', '2000-10-04'),
(2796, 336, 35, 206, 'PAID', '2002-10-17'),
(2797, 75, 31, 228, 'PROCESSING', '2012-07-14'),
(2798, 95, 4, 31, 'PROCESSING', '2011-05-09'),
(2799, 149, 51, 24, 'DELIVERED', '2009-09-25'),
(2800, 376, 35, 294, 'PROCESSING', '2000-08-20'),
(2801, 138, 28, 86, 'PROCESSING', '2011-01-26'),
(2802, 423, 39, 113, 'UNPAID', '2008-06-16'),
(2803, 238, 54, 261, 'DELIVERED', '2007-12-14'),
(2804, 172, 43, 105, 'UNPAID', '2002-04-16'),
(2805, 118, 65, 76, 'PROCESSING', '2005-07-27'),
(2806, 158, 38, 258, 'UNPAID', '2002-03-07'),
(2807, 393, 47, 242, 'PAID', '2006-09-03'),
(2808, 68, 41, 166, 'PROCESSING', '2003-11-17'),
(2809, 222, 15, 50, 'DELIVERED', '2002-06-07'),
(2810, 311, 62, 51, '', '2006-01-04'),
(2811, 341, 18, 113, 'PROCESSING', '2012-03-22'),
(2812, 251, 56, 257, 'DELIVERED', '2006-05-04'),
(2813, 367, 20, 222, 'PAID', '2006-11-26'),
(2814, 366, 21, 34, 'PAID', '2003-04-10'),
(2815, 395, 20, 141, 'PROCESSING', '2007-11-28'),
(2816, 267, 2, 234, 'UNPAID', '2011-08-20'),
(2817, 174, 3, 253, 'UNPAID', '2004-07-09'),
(2818, 428, 32, 60, 'DELIVERED', '2010-04-28'),
(2819, 40, 39, 99, '', '2011-10-11'),
(2820, 227, 42, 116, 'UNPAID', '2008-02-02'),
(2821, 268, 52, 231, '', '2010-08-01'),
(2822, 87, 13, 92, 'UNPAID', '2008-07-19'),
(2823, 233, 54, 200, 'PROCESSING', '2005-12-13'),
(2824, 147, 52, 249, 'DELIVERED', '2005-03-22'),
(2825, 54, 25, 250, 'DELIVERED', '2002-08-16'),
(2826, 1, 14, 168, 'UNPAID', '2005-11-07'),
(2827, 31, 25, 269, 'PROCESSING', '2002-07-03'),
(2828, 289, 37, 161, '', '2004-05-19'),
(2829, 388, 38, 126, '', '2012-04-16'),
(2830, 59, 56, 33, 'UNPAID', '2000-09-09'),
(2831, 220, 35, 158, 'PROCESSING', '2011-06-02'),
(2832, 42, 64, 43, 'DELIVERED', '2006-09-16'),
(2833, 436, 3, 64, 'DELIVERED', '2007-08-17'),
(2834, 278, 58, 40, 'DELIVERED', '2009-03-23'),
(2835, 386, 60, 32, 'PAID', '2005-08-21'),
(2836, 167, 4, 239, 'PROCESSING', '2000-12-03'),
(2837, 280, 40, 199, 'PROCESSING', '2008-11-04'),
(2838, 130, 33, 216, '', '2005-11-15'),
(2839, 59, 7, 97, '', '2000-06-05'),
(2840, 218, 4, 268, 'DELIVERED', '2001-09-06'),
(2841, 68, 41, 94, 'DELIVERED', '2002-12-05'),
(2842, 431, 56, 93, 'UNPAID', '2004-01-28'),
(2843, 365, 58, 147, '', '2012-10-22'),
(2844, 480, 16, 275, 'PROCESSING', '2003-10-06'),
(2845, 195, 32, 126, 'PROCESSING', '2001-09-07'),
(2846, 166, 46, 125, 'PAID', '2007-09-11'),
(2847, 445, 49, 101, 'DELIVERED', '2008-10-15'),
(2848, 299, 42, 86, 'PROCESSING', '2011-03-01'),
(2849, 78, 1, 66, 'PROCESSING', '2006-08-03'),
(2850, 293, 24, 101, '', '2000-10-05'),
(2851, 306, 31, 154, 'PROCESSING', '2002-11-06'),
(2852, 422, 44, 209, 'PROCESSING', '2003-12-02'),
(2853, 83, 12, 21, 'PAID', '2002-04-25'),
(2854, 327, 61, 293, 'PAID', '2003-04-06'),
(2855, 179, 5, 105, '', '2006-11-15'),
(2856, 374, 47, 210, 'DELIVERED', '2004-05-03'),
(2857, 333, 25, 45, '', '2007-03-05'),
(2858, 356, 33, 19, 'PAID', '2005-01-19'),
(2859, 354, 23, 256, 'UNPAID', '2005-03-03'),
(2860, 464, 4, 177, 'DELIVERED', '2010-04-10'),
(2861, 72, 45, 127, '', '2000-07-19'),
(2862, 296, 52, 255, 'PAID', '2003-11-21'),
(2863, 352, 62, 112, 'PROCESSING', '2003-03-15'),
(2864, 345, 28, 179, 'DELIVERED', '2006-03-11'),
(2865, 125, 31, 208, 'PROCESSING', '2002-02-07'),
(2866, 103, 45, 270, '', '2006-09-04'),
(2867, 373, 43, 259, 'PROCESSING', '2007-03-26'),
(2868, 437, 30, 132, 'PROCESSING', '2011-01-07'),
(2869, 179, 15, 182, 'DELIVERED', '2008-04-01'),
(2870, 413, 27, 74, 'UNPAID', '2001-02-25'),
(2871, 278, 58, 2, 'PAID', '2007-11-23'),
(2872, 69, 7, 216, 'UNPAID', '2007-02-18'),
(2873, 215, 13, 262, '', '2005-06-12'),
(2874, 45, 51, 133, '', '2002-09-28'),
(2875, 135, 54, 254, '', '2009-11-05'),
(2876, 126, 47, 292, 'PAID', '2010-09-12'),
(2877, 183, 55, 16, '', '2000-12-18'),
(2878, 215, 26, 11, 'PROCESSING', '2002-06-13'),
(2879, 170, 11, 134, 'DELIVERED', '2012-04-13'),
(2880, 345, 10, 189, '', '2011-08-10'),
(2881, 329, 19, 234, 'UNPAID', '2001-10-24'),
(2882, 84, 49, 140, 'DELIVERED', '2001-06-04'),
(2883, 154, 64, 180, 'DELIVERED', '2001-01-08'),
(2884, 62, 22, 223, '', '2006-05-23'),
(2885, 162, 64, 43, 'UNPAID', '2003-12-02'),
(2886, 195, 49, 269, 'PROCESSING', '2006-05-05'),
(2887, 321, 56, 94, '', '2010-11-18'),
(2888, 477, 62, 272, 'UNPAID', '2003-08-26'),
(2889, 372, 2, 215, 'UNPAID', '2012-11-03'),
(2890, 122, 51, 40, 'DELIVERED', '2006-01-06'),
(2891, 19, 26, 117, 'DELIVERED', '2003-09-19'),
(2892, 42, 40, 87, 'UNPAID', '2007-03-05'),
(2893, 414, 55, 25, 'DELIVERED', '2011-10-20'),
(2894, 413, 43, 234, 'UNPAID', '2005-11-21'),
(2895, 476, 62, 286, 'UNPAID', '2004-05-20'),
(2896, 283, 3, 109, 'DELIVERED', '2008-08-21'),
(2897, 102, 55, 263, 'UNPAID', '2008-12-19'),
(2898, 264, 50, 103, 'PAID', '2005-02-14'),
(2899, 419, 2, 63, '', '2012-02-24'),
(2900, 146, 33, 161, '', '2006-11-16'),
(2901, 92, 36, 77, 'PAID', '2005-02-13'),
(2902, 37, 6, 30, 'DELIVERED', '2010-06-28'),
(2903, 128, 37, 140, 'UNPAID', '2007-09-27'),
(2904, 275, 54, 232, '', '2004-04-21'),
(2905, 425, 14, 81, 'UNPAID', '2009-07-13'),
(2906, 72, 43, 268, 'PAID', '2009-12-24'),
(2907, 288, 28, 248, '', '2012-04-27'),
(2908, 284, 63, 270, 'UNPAID', '2010-09-28'),
(2909, 60, 64, 218, '', '2002-12-02'),
(2910, 461, 34, 146, 'UNPAID', '2002-05-09'),
(2911, 450, 24, 42, 'PROCESSING', '2010-12-10'),
(2912, 383, 17, 95, 'PAID', '2002-03-14'),
(2913, 7, 58, 148, 'UNPAID', '2011-03-04'),
(2914, 23, 14, 49, '', '2009-08-02'),
(2915, 444, 2, 113, '', '2004-07-10'),
(2916, 87, 32, 204, '', '2009-12-09'),
(2917, 469, 14, 244, '', '2001-04-03'),
(2918, 466, 34, 69, '', '2009-05-28'),
(2919, 225, 3, 16, 'PAID', '2000-06-06'),
(2920, 218, 62, 154, 'DELIVERED', '2005-03-17'),
(2921, 78, 12, 268, 'UNPAID', '2005-09-03'),
(2922, 232, 1, 57, 'PROCESSING', '2006-06-12'),
(2923, 123, 53, 121, 'DELIVERED', '2011-06-03'),
(2924, 446, 58, 78, 'PAID', '2010-10-28'),
(2925, 124, 63, 165, 'PROCESSING', '2001-06-15'),
(2926, 257, 10, 183, '', '2001-10-12'),
(2927, 328, 15, 252, '', '2000-03-18'),
(2928, 430, 46, 210, 'DELIVERED', '2007-12-04'),
(2929, 201, 48, 35, 'DELIVERED', '2008-08-02'),
(2930, 402, 7, 179, 'PAID', '2003-03-10'),
(2931, 194, 65, 228, 'UNPAID', '2002-08-28'),
(2932, 120, 55, 183, 'UNPAID', '2006-04-26'),
(2933, 57, 18, 15, 'PROCESSING', '2012-02-06'),
(2934, 330, 54, 77, 'PROCESSING', '2012-11-24'),
(2935, 87, 4, 52, 'PROCESSING', '2000-12-18'),
(2936, 132, 35, 185, 'PROCESSING', '2004-03-18'),
(2937, 440, 35, 162, 'UNPAID', '2010-08-16'),
(2938, 386, 49, 217, 'PROCESSING', '2007-12-27'),
(2939, 246, 54, 236, 'DELIVERED', '2011-12-07'),
(2940, 458, 58, 265, 'PAID', '2005-06-20'),
(2941, 381, 47, 104, 'DELIVERED', '2003-11-20'),
(2942, 22, 31, 66, '', '2002-12-09'),
(2943, 389, 60, 72, 'PAID', '2009-01-28'),
(2944, 307, 64, 67, 'PROCESSING', '2011-02-22'),
(2945, 138, 39, 143, 'UNPAID', '2004-10-21'),
(2946, 277, 46, 124, 'DELIVERED', '2002-08-13'),
(2947, 196, 38, 218, 'UNPAID', '2006-12-14'),
(2948, 116, 64, 138, '', '2012-09-12'),
(2949, 408, 51, 56, 'UNPAID', '2004-08-05'),
(2950, 341, 32, 270, 'PAID', '2002-04-25'),
(2951, 178, 62, 91, 'DELIVERED', '2006-01-27'),
(2952, 4, 65, 132, 'PAID', '2012-11-03'),
(2953, 459, 38, 159, 'DELIVERED', '2004-09-25'),
(2954, 360, 25, 16, 'PROCESSING', '2011-12-20'),
(2955, 18, 18, 166, 'PAID', '2002-11-05'),
(2956, 355, 58, 35, 'DELIVERED', '2011-07-28'),
(2957, 412, 30, 25, 'DELIVERED', '2000-08-16'),
(2958, 187, 22, 128, 'UNPAID', '2009-06-16'),
(2959, 268, 28, 70, 'PROCESSING', '2008-10-28'),
(2960, 440, 42, 42, 'DELIVERED', '2006-04-10'),
(2961, 192, 53, 99, 'PAID', '2003-05-01'),
(2962, 138, 2, 165, 'DELIVERED', '2004-12-22'),
(2963, 20, 29, 97, 'PROCESSING', '2011-07-05'),
(2964, 276, 23, 44, 'PROCESSING', '2012-04-03'),
(2965, 247, 35, 131, '', '2004-10-04'),
(2966, 295, 12, 39, '', '2002-09-16'),
(2967, 262, 42, 97, 'PROCESSING', '2001-08-05'),
(2968, 473, 14, 99, 'PROCESSING', '2007-06-28'),
(2969, 256, 50, 21, 'UNPAID', '2003-07-26'),
(2970, 315, 18, 12, 'PAID', '2005-02-04'),
(2971, 307, 55, 201, 'UNPAID', '2006-12-21'),
(2972, 284, 42, 269, 'PROCESSING', '2010-03-02'),
(2973, 187, 46, 18, '', '2005-02-26'),
(2974, 371, 42, 254, 'PAID', '2011-11-18'),
(2975, 163, 4, 229, '', '2011-06-04'),
(2976, 185, 28, 256, '', '2000-09-14'),
(2977, 441, 64, 171, 'PAID', '2008-08-06'),
(2978, 63, 49, 33, '', '2004-12-08'),
(2979, 137, 55, 276, 'DELIVERED', '2011-09-16'),
(2980, 380, 8, 206, 'UNPAID', '2006-07-03'),
(2981, 293, 19, 182, 'PROCESSING', '2003-03-22'),
(2982, 453, 52, 288, 'UNPAID', '2007-01-27'),
(2983, 457, 2, 65, 'PAID', '2011-02-23'),
(2984, 363, 54, 117, 'PROCESSING', '2012-01-19'),
(2985, 229, 40, 232, 'UNPAID', '2011-05-16'),
(2986, 71, 36, 101, 'UNPAID', '2004-04-04'),
(2987, 439, 24, 17, '', '2004-04-02'),
(2988, 114, 27, 258, '', '2002-03-14'),
(2989, 75, 21, 45, 'DELIVERED', '2012-12-20'),
(2990, 402, 20, 73, '', '2011-07-01'),
(2991, 96, 57, 46, 'UNPAID', '2002-03-26'),
(2992, 295, 31, 287, '', '2011-10-23'),
(2993, 49, 4, 87, 'PAID', '2004-06-25'),
(2994, 153, 24, 166, 'UNPAID', '2008-10-03'),
(2995, 249, 24, 39, 'DELIVERED', '2002-04-23'),
(2996, 222, 32, 214, 'UNPAID', '2012-09-25'),
(2997, 412, 32, 207, '', '2007-12-06'),
(2998, 454, 28, 17, 'PAID', '2010-08-11'),
(2999, 214, 26, 140, '', '2009-08-19'),
(3000, 486, 57, 133, 'PROCESSING', '2004-02-14'),
(3001, 159, 54, 115, 'UNPAID', '2003-01-03'),
(3002, 415, 4, 87, 'DELIVERED', '2006-05-01'),
(3003, 118, 62, 113, 'DELIVERED', '2004-11-18'),
(3004, 55, 29, 80, 'UNPAID', '2003-09-16'),
(3005, 328, 56, 12, '', '2008-06-05'),
(3006, 484, 32, 78, '', '2006-07-17'),
(3007, 1, 59, 184, 'PAID', '2011-12-26'),
(3008, 97, 54, 161, 'PAID', '2003-10-12'),
(3009, 276, 34, 286, 'PAID', '2004-12-07'),
(3010, 27, 27, 115, 'UNPAID', '2011-08-25'),
(3011, 216, 13, 144, 'PROCESSING', '2001-02-20'),
(3012, 457, 6, 180, 'UNPAID', '2011-02-13'),
(3013, 78, 62, 253, 'DELIVERED', '2005-10-27'),
(3014, 402, 51, 54, '', '2002-07-26'),
(3015, 47, 14, 237, 'PROCESSING', '2005-04-28'),
(3016, 234, 24, 197, 'PROCESSING', '2005-04-15'),
(3017, 164, 26, 291, 'PROCESSING', '2004-10-07'),
(3018, 382, 40, 51, 'PROCESSING', '2004-05-14'),
(3019, 283, 60, 117, 'DELIVERED', '2001-03-06'),
(3020, 247, 29, 54, '', '2010-10-11'),
(3021, 111, 6, 277, 'PROCESSING', '2006-11-02'),
(3022, 397, 46, 81, 'PROCESSING', '2003-06-06'),
(3023, 337, 51, 199, 'PAID', '2008-01-27'),
(3024, 393, 15, 42, 'PAID', '2008-04-08'),
(3025, 225, 10, 202, 'DELIVERED', '2003-08-07'),
(3026, 351, 32, 89, 'PROCESSING', '2002-07-04'),
(3027, 240, 65, 90, 'UNPAID', '2010-12-13'),
(3028, 231, 1, 112, 'PAID', '2003-07-17'),
(3029, 441, 54, 257, 'PAID', '2012-07-02'),
(3030, 102, 8, 87, '', '2007-08-13'),
(3031, 388, 10, 168, 'PAID', '2001-11-13'),
(3032, 454, 54, 268, 'PAID', '2010-04-19'),
(3033, 32, 51, 73, '', '2007-02-10'),
(3034, 280, 41, 110, 'DELIVERED', '2009-08-20'),
(3035, 171, 16, 44, 'UNPAID', '2004-09-12'),
(3036, 260, 37, 262, 'PROCESSING', '2004-10-24'),
(3037, 101, 2, 156, 'PAID', '2010-10-07'),
(3038, 196, 56, 167, '', '2006-12-21'),
(3039, 111, 38, 134, 'PROCESSING', '2010-08-20'),
(3040, 96, 19, 39, 'DELIVERED', '2011-01-06'),
(3041, 110, 50, 10, 'PROCESSING', '2010-07-20'),
(3042, 293, 21, 280, '', '2002-06-28'),
(3043, 319, 27, 214, '', '2012-02-13'),
(3044, 390, 49, 48, '', '2000-04-20'),
(3045, 433, 19, 268, 'UNPAID', '2000-12-16'),
(3046, 418, 31, 71, 'PROCESSING', '2010-03-13'),
(3047, 469, 43, 124, 'DELIVERED', '2000-02-14'),
(3048, 25, 19, 280, '', '2000-02-24'),
(3049, 31, 25, 164, '', '2008-06-02'),
(3050, 358, 24, 177, 'PROCESSING', '2010-10-01'),
(3051, 303, 65, 144, 'PROCESSING', '2008-11-06'),
(3052, 349, 1, 199, 'DELIVERED', '2003-08-17'),
(3053, 158, 45, 132, 'PAID', '2000-12-10'),
(3054, 362, 28, 114, 'PROCESSING', '2010-12-02'),
(3055, 299, 52, 25, 'PAID', '2010-07-23'),
(3056, 209, 30, 295, 'UNPAID', '2006-08-26'),
(3057, 371, 16, 151, 'UNPAID', '2011-12-13'),
(3058, 484, 61, 237, 'DELIVERED', '2004-03-06'),
(3059, 59, 9, 73, 'DELIVERED', '2012-04-27'),
(3060, 345, 58, 226, 'UNPAID', '2004-09-08'),
(3061, 389, 25, 49, 'PROCESSING', '2007-08-18'),
(3062, 263, 40, 26, 'PROCESSING', '2006-11-07'),
(3063, 425, 3, 130, '', '2002-09-20'),
(3064, 49, 65, 200, '', '2011-06-27'),
(3065, 104, 10, 59, 'UNPAID', '2006-05-16'),
(3066, 70, 2, 54, 'DELIVERED', '2008-04-06'),
(3067, 71, 9, 133, 'UNPAID', '2002-11-28'),
(3068, 172, 36, 213, 'PROCESSING', '2007-05-08'),
(3069, 207, 52, 55, 'DELIVERED', '2012-05-18'),
(3070, 234, 48, 58, 'DELIVERED', '2009-05-09'),
(3071, 180, 42, 149, 'PROCESSING', '2010-12-15'),
(3072, 464, 53, 156, 'PAID', '2004-03-21'),
(3073, 442, 40, 300, 'PAID', '2005-03-27'),
(3074, 171, 37, 178, '', '2003-10-13'),
(3075, 17, 10, 223, 'PAID', '2010-03-26'),
(3076, 273, 12, 130, 'PROCESSING', '2012-12-23'),
(3077, 167, 12, 164, 'PAID', '2010-07-16'),
(3078, 88, 47, 155, 'PROCESSING', '2003-02-10'),
(3079, 275, 58, 239, 'PROCESSING', '2000-07-28'),
(3080, 404, 51, 272, 'PAID', '2012-05-25'),
(3081, 454, 19, 205, 'PAID', '2005-03-15'),
(3082, 118, 51, 20, 'PROCESSING', '2006-07-27'),
(3083, 375, 45, 90, 'PAID', '2007-02-26'),
(3084, 301, 41, 275, 'PROCESSING', '2005-10-23'),
(3085, 169, 11, 210, 'PAID', '2005-05-15'),
(3086, 441, 40, 12, 'UNPAID', '2004-02-16'),
(3087, 424, 45, 152, 'DELIVERED', '2004-10-27'),
(3088, 463, 59, 264, 'PROCESSING', '2006-10-28'),
(3089, 452, 40, 243, 'PAID', '2009-07-15'),
(3090, 101, 58, 21, 'UNPAID', '2006-02-07'),
(3091, 425, 14, 241, 'DELIVERED', '2011-04-11'),
(3092, 128, 8, 96, 'PAID', '2000-03-22'),
(3093, 259, 65, 226, 'PROCESSING', '2007-07-20'),
(3094, 179, 5, 75, 'PROCESSING', '2012-04-19'),
(3095, 215, 28, 275, 'PAID', '2008-09-01'),
(3096, 255, 2, 119, 'DELIVERED', '2001-09-28'),
(3097, 70, 59, 222, 'DELIVERED', '2011-06-04'),
(3098, 242, 4, 250, '', '2001-01-12'),
(3099, 29, 26, 29, 'PROCESSING', '2010-01-23'),
(3100, 219, 48, 250, '', '2009-03-21'),
(3101, 436, 62, 218, 'UNPAID', '2011-06-20'),
(3102, 364, 62, 246, 'PAID', '2012-08-03'),
(3103, 53, 48, 156, 'UNPAID', '2001-08-19'),
(3104, 464, 41, 139, 'PAID', '2004-04-10'),
(3105, 51, 34, 30, '', '2006-10-01'),
(3106, 153, 19, 217, 'UNPAID', '2003-07-09'),
(3107, 114, 13, 114, 'PAID', '2012-11-15'),
(3108, 26, 34, 51, '', '2001-08-11'),
(3109, 238, 61, 224, 'PROCESSING', '2005-11-17'),
(3110, 448, 44, 181, 'PAID', '2012-04-08'),
(3111, 91, 56, 169, 'PROCESSING', '2000-12-22'),
(3112, 478, 55, 80, 'UNPAID', '2004-06-01'),
(3113, 236, 5, 125, '', '2012-02-16'),
(3114, 217, 1, 41, 'PAID', '2008-09-17'),
(3115, 306, 4, 256, '', '2011-05-07'),
(3116, 474, 24, 296, '', '2002-04-28'),
(3117, 267, 45, 299, 'UNPAID', '2009-05-28'),
(3118, 366, 38, 165, 'UNPAID', '2007-09-16'),
(3119, 121, 28, 36, '', '2006-12-19'),
(3120, 190, 26, 272, 'PAID', '2009-11-09'),
(3121, 463, 10, 80, 'PROCESSING', '2010-04-15'),
(3122, 284, 44, 153, 'PAID', '2003-01-15'),
(3123, 398, 48, 16, 'UNPAID', '2001-03-26'),
(3124, 306, 10, 182, 'UNPAID', '2006-07-11'),
(3125, 136, 26, 198, 'PAID', '2007-12-20'),
(3126, 180, 12, 68, '', '2011-09-08'),
(3127, 42, 52, 234, '', '2006-10-27'),
(3128, 330, 1, 265, 'PAID', '2001-06-09'),
(3129, 331, 65, 201, '', '2005-04-05'),
(3130, 457, 17, 265, 'PAID', '2005-02-07'),
(3131, 139, 55, 154, 'PAID', '2008-04-08'),
(3132, 70, 8, 66, '', '2001-02-04'),
(3133, 129, 39, 124, '', '2007-01-25'),
(3134, 478, 27, 19, '', '2008-12-06'),
(3135, 48, 4, 135, 'PAID', '2011-12-21'),
(3136, 249, 17, 5, 'DELIVERED', '2004-03-13'),
(3137, 238, 22, 171, 'DELIVERED', '2011-12-20'),
(3138, 247, 5, 172, 'PROCESSING', '2006-08-11'),
(3139, 66, 38, 178, 'PAID', '2008-01-18'),
(3140, 250, 65, 109, 'UNPAID', '2003-05-19'),
(3141, 299, 40, 38, 'UNPAID', '2012-09-24'),
(3142, 426, 44, 159, 'PAID', '2009-02-24'),
(3143, 103, 48, 72, 'PAID', '2004-10-17'),
(3144, 458, 57, 56, 'PROCESSING', '2011-07-13'),
(3145, 51, 60, 38, 'DELIVERED', '2006-03-23'),
(3146, 234, 62, 195, 'PAID', '2008-03-21'),
(3147, 174, 18, 172, 'PROCESSING', '2000-10-26'),
(3148, 157, 42, 144, 'PAID', '2006-08-20'),
(3149, 178, 14, 48, 'PROCESSING', '2001-04-05'),
(3150, 322, 35, 295, 'UNPAID', '2006-08-14'),
(3151, 44, 53, 60, 'PROCESSING', '2001-10-01'),
(3152, 46, 38, 273, 'PROCESSING', '2002-05-19'),
(3153, 348, 4, 109, 'UNPAID', '2003-07-15'),
(3154, 185, 53, 214, 'UNPAID', '2004-09-05'),
(3155, 395, 22, 193, '', '2001-11-10'),
(3156, 107, 40, 103, 'PAID', '2002-03-21'),
(3157, 192, 42, 117, 'UNPAID', '2008-10-05'),
(3158, 458, 18, 212, 'PAID', '2000-06-10'),
(3159, 199, 8, 153, 'PAID', '2005-02-03'),
(3160, 283, 65, 132, 'DELIVERED', '2007-10-03'),
(3161, 382, 2, 249, 'UNPAID', '2008-03-08'),
(3162, 170, 64, 132, 'PAID', '2003-02-17'),
(3163, 155, 37, 281, 'DELIVERED', '2008-06-27'),
(3164, 58, 39, 11, 'DELIVERED', '2007-06-14'),
(3165, 89, 17, 179, '', '2003-06-04'),
(3166, 466, 42, 118, 'PAID', '2007-10-17'),
(3167, 418, 64, 50, 'UNPAID', '2006-02-25'),
(3168, 102, 36, 247, 'PAID', '2001-11-01'),
(3169, 352, 22, 152, '', '2007-02-24'),
(3170, 427, 34, 295, '', '2002-05-04'),
(3171, 380, 14, 207, 'DELIVERED', '2002-11-23'),
(3172, 348, 62, 206, '', '2006-07-07'),
(3173, 308, 24, 78, 'PAID', '2009-10-07'),
(3174, 138, 57, 31, 'UNPAID', '2005-02-28'),
(3175, 270, 30, 27, 'PAID', '2008-10-27'),
(3176, 413, 42, 224, 'PROCESSING', '2007-06-14'),
(3177, 40, 61, 214, 'DELIVERED', '2003-12-02'),
(3178, 489, 48, 90, 'PAID', '2007-05-13'),
(3179, 483, 32, 122, 'PROCESSING', '2012-06-25'),
(3180, 300, 18, 243, 'PROCESSING', '2011-07-01'),
(3181, 240, 65, 143, 'PROCESSING', '2012-03-08'),
(3182, 111, 11, 100, 'PAID', '2011-08-15'),
(3183, 238, 2, 280, 'PROCESSING', '2006-05-01'),
(3184, 226, 54, 259, 'UNPAID', '2001-09-15'),
(3185, 490, 15, 159, 'PROCESSING', '2002-01-02'),
(3186, 67, 13, 100, 'PAID', '2004-08-17'),
(3187, 114, 20, 26, 'DELIVERED', '2004-01-06'),
(3188, 412, 23, 56, 'PAID', '2002-01-11'),
(3189, 134, 47, 269, 'PAID', '2012-06-22'),
(3190, 77, 28, 245, 'PAID', '2008-02-19'),
(3191, 473, 53, 72, 'UNPAID', '2001-04-26'),
(3192, 209, 22, 30, 'PAID', '2008-04-16'),
(3193, 424, 22, 280, 'UNPAID', '2000-10-12'),
(3194, 486, 17, 51, 'UNPAID', '2008-12-13'),
(3195, 147, 9, 29, 'PAID', '2012-04-13'),
(3196, 20, 43, 113, 'PROCESSING', '2012-06-21'),
(3197, 334, 50, 88, 'PROCESSING', '2001-03-20'),
(3198, 65, 4, 29, 'UNPAID', '2003-04-08'),
(3199, 481, 17, 213, 'PAID', '2004-10-16'),
(3200, 157, 9, 2, 'PAID', '2010-05-24'),
(3201, 383, 56, 167, 'PROCESSING', '2007-11-01'),
(3202, 339, 5, 208, '', '2001-10-27'),
(3203, 208, 4, 65, 'PROCESSING', '2003-12-20'),
(3204, 335, 47, 69, 'UNPAID', '2011-03-11'),
(3205, 316, 40, 56, 'PROCESSING', '2006-09-25'),
(3206, 35, 39, 268, 'DELIVERED', '2008-08-17'),
(3207, 382, 25, 158, 'PAID', '2005-09-18'),
(3208, 358, 43, 89, 'PROCESSING', '2004-07-12'),
(3209, 118, 50, 233, '', '2004-12-09'),
(3210, 410, 46, 58, '', '2003-02-19'),
(3211, 463, 44, 75, 'DELIVERED', '2000-10-26'),
(3212, 230, 34, 161, 'UNPAID', '2002-10-18'),
(3213, 274, 24, 7, 'DELIVERED', '2001-10-20'),
(3214, 238, 50, 298, 'PAID', '2005-03-07'),
(3215, 364, 18, 268, 'DELIVERED', '2012-02-12'),
(3216, 482, 60, 101, 'PROCESSING', '2005-11-19'),
(3217, 294, 46, 78, 'UNPAID', '2000-04-27'),
(3218, 82, 5, 193, 'DELIVERED', '2010-08-28'),
(3219, 141, 53, 59, 'UNPAID', '2001-02-21'),
(3220, 12, 15, 38, 'UNPAID', '2001-06-13'),
(3221, 275, 22, 32, 'UNPAID', '2000-05-09'),
(3222, 42, 42, 82, 'PAID', '2009-11-26'),
(3223, 270, 36, 262, '', '2004-01-25'),
(3224, 218, 11, 175, 'PROCESSING', '2004-09-14'),
(3225, 253, 11, 280, 'UNPAID', '2006-01-07'),
(3226, 258, 27, 165, 'DELIVERED', '2000-10-25'),
(3227, 375, 48, 229, 'PAID', '2003-08-05'),
(3228, 313, 46, 5, 'UNPAID', '2011-08-16'),
(3229, 116, 20, 8, 'DELIVERED', '2006-12-24'),
(3230, 472, 65, 18, 'PROCESSING', '2005-08-03'),
(3231, 221, 28, 288, 'PAID', '2002-09-15'),
(3232, 216, 23, 204, 'UNPAID', '2000-09-05'),
(3233, 447, 19, 214, 'UNPAID', '2007-09-26'),
(3234, 32, 46, 218, 'UNPAID', '2009-10-15'),
(3235, 50, 26, 184, 'PROCESSING', '2010-07-22'),
(3236, 478, 19, 88, 'PROCESSING', '2008-12-14'),
(3237, 341, 44, 198, 'DELIVERED', '2012-05-22'),
(3238, 272, 8, 197, 'DELIVERED', '2010-05-19'),
(3239, 248, 11, 49, 'DELIVERED', '2007-10-05'),
(3240, 176, 23, 276, 'PAID', '2008-03-21'),
(3241, 133, 12, 74, '', '2011-11-17'),
(3242, 397, 18, 99, 'PAID', '2004-12-28'),
(3243, 93, 24, 189, 'DELIVERED', '2006-10-09'),
(3244, 30, 37, 137, 'PROCESSING', '2011-05-22'),
(3245, 261, 39, 151, '', '2010-09-22'),
(3246, 305, 42, 102, 'PROCESSING', '2011-09-23'),
(3247, 145, 43, 233, 'PROCESSING', '2000-05-05'),
(3248, 256, 13, 144, 'PROCESSING', '2009-12-01'),
(3249, 320, 20, 226, 'UNPAID', '2011-04-28'),
(3250, 327, 65, 226, 'PAID', '2008-02-21'),
(3251, 272, 50, 154, '', '2005-04-10'),
(3252, 202, 45, 154, '', '2011-12-15'),
(3253, 310, 60, 155, 'PAID', '2002-04-14'),
(3254, 61, 34, 135, 'DELIVERED', '2006-03-03'),
(3255, 75, 19, 239, 'DELIVERED', '2000-04-16'),
(3256, 224, 39, 268, '', '2003-05-23'),
(3257, 83, 26, 95, 'DELIVERED', '2004-10-03'),
(3258, 264, 7, 164, 'DELIVERED', '2007-12-13'),
(3259, 63, 13, 158, 'PAID', '2006-04-28'),
(3260, 265, 41, 164, '', '2002-06-25'),
(3261, 250, 55, 200, 'DELIVERED', '2002-12-14'),
(3262, 262, 53, 168, 'UNPAID', '2011-02-21'),
(3263, 258, 7, 55, 'DELIVERED', '2003-09-27'),
(3264, 385, 2, 277, 'PAID', '2008-06-09'),
(3265, 430, 59, 55, 'PAID', '2009-11-02'),
(3266, 470, 54, 163, 'PROCESSING', '2008-02-16'),
(3267, 270, 14, 89, 'UNPAID', '2003-06-21'),
(3268, 294, 12, 199, 'PAID', '2002-08-20'),
(3269, 424, 4, 8, 'DELIVERED', '2012-03-04'),
(3270, 335, 4, 58, 'DELIVERED', '2011-09-04'),
(3271, 257, 54, 210, 'UNPAID', '2000-12-05'),
(3272, 164, 31, 264, '', '2008-07-09'),
(3273, 425, 9, 7, 'DELIVERED', '2002-01-14'),
(3274, 60, 17, 180, '', '2004-10-13'),
(3275, 97, 34, 174, 'DELIVERED', '2004-04-23'),
(3276, 187, 18, 284, 'DELIVERED', '2009-10-19'),
(3277, 194, 24, 290, 'PAID', '2006-12-28'),
(3278, 324, 3, 139, 'DELIVERED', '2003-01-17'),
(3279, 298, 56, 9, '', '2004-08-15'),
(3280, 351, 58, 97, 'UNPAID', '2001-04-23'),
(3281, 437, 6, 138, 'PAID', '2005-06-16'),
(3282, 462, 27, 162, 'DELIVERED', '2005-01-11'),
(3283, 363, 4, 290, 'PAID', '2011-12-05'),
(3284, 136, 40, 203, '', '2006-12-03'),
(3285, 312, 18, 270, 'PROCESSING', '2004-05-23'),
(3286, 396, 51, 108, 'DELIVERED', '2002-11-10'),
(3287, 313, 59, 220, 'PAID', '2012-09-21'),
(3288, 425, 46, 263, 'UNPAID', '2003-07-04'),
(3289, 383, 36, 68, 'PROCESSING', '2010-02-27'),
(3290, 80, 32, 226, '', '2003-02-21'),
(3291, 224, 1, 20, 'UNPAID', '2011-10-14'),
(3292, 421, 33, 59, 'DELIVERED', '2002-01-25'),
(3293, 237, 41, 2, 'PAID', '2002-03-19'),
(3294, 479, 23, 186, 'UNPAID', '2010-05-04'),
(3295, 48, 32, 248, 'PROCESSING', '2006-11-19'),
(3296, 189, 45, 36, 'PAID', '2002-04-28'),
(3297, 180, 25, 251, '', '2000-11-04'),
(3298, 83, 5, 237, 'UNPAID', '2005-05-08'),
(3299, 125, 51, 117, 'PAID', '2003-03-26'),
(3300, 363, 7, 166, 'UNPAID', '2010-09-11'),
(3301, 475, 64, 101, 'PAID', '2004-03-06'),
(3302, 179, 1, 89, 'PROCESSING', '2001-01-19'),
(3303, 245, 32, 287, 'DELIVERED', '2003-05-03'),
(3304, 256, 37, 4, 'PAID', '2008-07-11'),
(3305, 220, 15, 227, 'PROCESSING', '2002-02-22'),
(3306, 281, 17, 282, '', '2003-03-14'),
(3307, 172, 21, 43, '', '2010-02-17'),
(3308, 34, 29, 213, 'PROCESSING', '2000-09-24'),
(3309, 324, 19, 72, 'UNPAID', '2006-12-15'),
(3310, 353, 6, 84, 'PAID', '2004-03-07'),
(3311, 302, 30, 209, '', '2009-11-23'),
(3312, 278, 61, 126, 'DELIVERED', '2004-02-07'),
(3313, 185, 56, 24, 'UNPAID', '2001-04-05'),
(3314, 312, 21, 202, 'PAID', '2005-12-19'),
(3315, 361, 11, 263, 'PAID', '2008-07-09'),
(3316, 186, 27, 40, '', '2004-07-17'),
(3317, 349, 45, 243, 'UNPAID', '2006-11-04'),
(3318, 320, 14, 82, 'PAID', '2006-12-19'),
(3319, 443, 59, 88, 'DELIVERED', '2000-02-28'),
(3320, 334, 48, 92, 'UNPAID', '2001-06-01'),
(3321, 231, 65, 177, 'UNPAID', '2008-05-08'),
(3322, 94, 19, 119, '', '2006-08-04'),
(3323, 486, 40, 233, '', '2006-01-15'),
(3324, 280, 15, 156, 'PAID', '2012-10-09'),
(3325, 48, 17, 96, 'PROCESSING', '2003-11-22'),
(3326, 448, 20, 7, 'UNPAID', '2007-06-27'),
(3327, 30, 6, 24, 'UNPAID', '2009-11-27'),
(3328, 98, 60, 143, 'DELIVERED', '2001-12-01'),
(3329, 55, 54, 100, 'PAID', '2000-08-22'),
(3330, 158, 36, 160, 'PAID', '2011-07-10'),
(3331, 212, 64, 87, 'PROCESSING', '2000-05-16'),
(3332, 368, 15, 147, '', '2001-12-21'),
(3333, 141, 63, 221, 'PAID', '2010-01-18'),
(3334, 416, 47, 117, 'UNPAID', '2003-12-12'),
(3335, 60, 31, 224, 'PROCESSING', '2005-01-02'),
(3336, 246, 26, 177, 'PAID', '2008-01-06'),
(3337, 370, 3, 275, 'UNPAID', '2012-08-13'),
(3338, 379, 47, 16, 'DELIVERED', '2005-06-23'),
(3339, 341, 24, 59, '', '2010-12-11'),
(3340, 138, 64, 125, 'DELIVERED', '2004-01-01'),
(3341, 484, 6, 69, 'DELIVERED', '2001-02-22'),
(3342, 60, 52, 69, '', '2006-04-15'),
(3343, 458, 47, 92, 'DELIVERED', '2001-07-13'),
(3344, 450, 29, 245, 'UNPAID', '2005-03-28'),
(3345, 386, 16, 4, 'DELIVERED', '2004-03-15'),
(3346, 217, 25, 91, 'PROCESSING', '2002-07-13'),
(3347, 334, 53, 293, 'DELIVERED', '2006-04-07'),
(3348, 301, 51, 207, 'PROCESSING', '2002-07-21'),
(3349, 316, 48, 212, 'PROCESSING', '2012-09-06'),
(3350, 143, 63, 218, 'DELIVERED', '2004-01-09'),
(3351, 253, 37, 227, 'UNPAID', '2004-09-23'),
(3352, 441, 1, 16, 'PROCESSING', '2010-09-02'),
(3353, 10, 16, 232, 'DELIVERED', '2012-06-03'),
(3354, 468, 13, 91, 'PAID', '2001-01-28'),
(3355, 240, 4, 83, 'UNPAID', '2007-01-06'),
(3356, 479, 50, 3, '', '2010-01-11'),
(3357, 277, 53, 130, 'PROCESSING', '2000-03-07'),
(3358, 16, 45, 104, '', '2011-08-07'),
(3359, 11, 44, 63, 'PROCESSING', '2009-06-15'),
(3360, 164, 34, 215, 'PAID', '2003-09-06'),
(3361, 24, 51, 173, 'DELIVERED', '2007-01-06'),
(3362, 312, 14, 134, 'DELIVERED', '2011-10-19'),
(3363, 373, 29, 266, 'DELIVERED', '2001-02-09'),
(3364, 407, 38, 243, 'UNPAID', '2001-07-14'),
(3365, 183, 16, 200, 'PROCESSING', '2000-03-01'),
(3366, 302, 17, 68, 'PAID', '2005-09-26'),
(3367, 171, 30, 172, 'UNPAID', '2011-06-25'),
(3368, 490, 36, 55, '', '2001-12-28'),
(3369, 112, 34, 142, 'PROCESSING', '2009-02-01'),
(3370, 383, 25, 16, 'PAID', '2008-04-19'),
(3371, 43, 62, 170, 'PROCESSING', '2005-02-16'),
(3372, 147, 39, 130, 'PAID', '2001-08-04'),
(3373, 137, 40, 36, 'PROCESSING', '2001-08-03'),
(3374, 425, 48, 38, 'DELIVERED', '2001-03-02'),
(3375, 358, 30, 208, '', '2005-04-07'),
(3376, 395, 26, 238, 'UNPAID', '2012-03-12'),
(3377, 70, 55, 158, 'PROCESSING', '2005-08-26'),
(3378, 273, 16, 10, 'PROCESSING', '2012-02-03'),
(3379, 30, 22, 36, 'DELIVERED', '2010-10-17'),
(3380, 92, 5, 257, '', '2006-08-03'),
(3381, 227, 57, 150, 'DELIVERED', '2009-01-01'),
(3382, 76, 44, 286, 'DELIVERED', '2011-12-04'),
(3383, 422, 10, 63, '', '2006-04-20'),
(3384, 128, 9, 94, 'PROCESSING', '2002-02-13'),
(3385, 332, 53, 162, 'UNPAID', '2008-01-21'),
(3386, 193, 4, 231, 'PROCESSING', '2009-09-08'),
(3387, 310, 46, 118, 'PROCESSING', '2010-08-12'),
(3388, 156, 61, 36, 'PROCESSING', '2000-06-01'),
(3389, 133, 39, 140, '', '2005-01-03'),
(3390, 44, 3, 250, 'PROCESSING', '2001-08-01'),
(3391, 407, 21, 85, 'PROCESSING', '2000-09-27'),
(3392, 424, 18, 109, 'UNPAID', '2002-06-22'),
(3393, 128, 60, 236, 'PROCESSING', '2006-03-14'),
(3394, 448, 17, 170, 'UNPAID', '2003-05-14'),
(3395, 194, 65, 153, 'PAID', '2004-10-20'),
(3396, 167, 31, 192, 'PAID', '2009-12-11'),
(3397, 460, 32, 44, 'UNPAID', '2005-12-21'),
(3398, 442, 12, 63, '', '2005-10-23'),
(3399, 356, 12, 91, 'UNPAID', '2002-10-10'),
(3400, 239, 40, 9, '', '2000-08-01'),
(3401, 396, 44, 126, 'DELIVERED', '2001-07-27'),
(3402, 265, 32, 201, 'PROCESSING', '2008-11-08'),
(3403, 48, 43, 22, '', '2010-05-27'),
(3404, 486, 12, 86, 'PROCESSING', '2010-04-09'),
(3405, 417, 64, 101, 'DELIVERED', '2008-10-12'),
(3406, 386, 21, 103, 'PAID', '2010-01-22'),
(3407, 229, 58, 6, 'PROCESSING', '2006-02-11'),
(3408, 176, 30, 99, 'PAID', '2008-08-24'),
(3409, 207, 61, 39, 'PAID', '2011-06-26'),
(3410, 267, 15, 98, 'PAID', '2006-09-19'),
(3411, 164, 44, 126, '', '2007-06-11'),
(3412, 50, 35, 226, 'PROCESSING', '2012-01-23'),
(3413, 305, 46, 190, 'UNPAID', '2008-10-09'),
(3414, 257, 15, 72, 'UNPAID', '2005-07-12'),
(3415, 479, 16, 16, 'PAID', '2011-06-04'),
(3416, 232, 59, 144, 'PROCESSING', '2005-03-01'),
(3417, 204, 21, 251, 'UNPAID', '2000-06-03'),
(3418, 308, 15, 118, 'UNPAID', '2005-08-07'),
(3419, 440, 13, 184, '', '2005-08-06'),
(3420, 166, 9, 89, '', '2000-10-11'),
(3421, 231, 1, 125, '', '2004-04-26'),
(3422, 158, 47, 1, '', '2012-05-03'),
(3423, 195, 2, 95, 'PAID', '2002-12-05'),
(3424, 319, 39, 106, '', '2009-08-23'),
(3425, 374, 28, 56, 'PAID', '2005-08-04'),
(3426, 363, 56, 13, 'UNPAID', '2007-01-01'),
(3427, 253, 29, 32, '', '2005-06-06'),
(3428, 333, 23, 112, 'PAID', '2012-09-09'),
(3429, 325, 25, 36, 'PROCESSING', '2010-04-19'),
(3430, 107, 59, 234, '', '2009-10-01'),
(3431, 161, 56, 7, '', '2003-02-22'),
(3432, 371, 36, 288, 'PROCESSING', '2011-04-22'),
(3433, 410, 4, 25, 'PROCESSING', '2005-03-26'),
(3434, 107, 33, 175, 'PROCESSING', '2005-05-11'),
(3435, 79, 12, 122, 'PROCESSING', '2000-06-10'),
(3436, 164, 37, 25, 'UNPAID', '2001-01-15'),
(3437, 2, 25, 87, '', '2005-05-10'),
(3438, 417, 38, 78, 'UNPAID', '2000-11-14'),
(3439, 232, 13, 267, 'DELIVERED', '2004-04-04'),
(3440, 201, 47, 135, 'DELIVERED', '2003-07-24'),
(3441, 187, 38, 108, 'PAID', '2012-08-07'),
(3442, 183, 2, 168, 'PAID', '2007-10-09'),
(3443, 323, 43, 237, 'UNPAID', '2011-09-22'),
(3444, 112, 64, 266, 'DELIVERED', '2008-04-11'),
(3445, 473, 57, 64, 'PAID', '2005-07-21'),
(3446, 188, 15, 286, 'DELIVERED', '2003-07-28'),
(3447, 406, 22, 80, 'PROCESSING', '2012-01-18'),
(3448, 414, 48, 115, 'UNPAID', '2009-04-20'),
(3449, 192, 39, 27, 'PAID', '2005-04-20'),
(3450, 441, 57, 129, 'PAID', '2001-05-02'),
(3451, 163, 58, 5, 'UNPAID', '2002-04-19'),
(3452, 100, 22, 80, 'UNPAID', '2000-08-04'),
(3453, 378, 60, 248, 'UNPAID', '2006-11-15'),
(3454, 478, 15, 65, '', '2001-08-05'),
(3455, 92, 2, 57, 'PROCESSING', '2011-03-19'),
(3456, 62, 32, 98, 'PAID', '2010-08-11'),
(3457, 436, 16, 148, 'DELIVERED', '2001-04-23'),
(3458, 326, 16, 101, 'DELIVERED', '2005-07-15'),
(3459, 268, 13, 199, 'DELIVERED', '2002-11-07'),
(3460, 60, 4, 279, 'PAID', '2007-04-17'),
(3461, 177, 55, 285, 'PAID', '2001-06-26'),
(3462, 114, 50, 218, '', '2012-01-15'),
(3463, 219, 40, 13, '', '2010-09-21'),
(3464, 7, 37, 293, 'UNPAID', '2007-11-11'),
(3465, 75, 11, 286, 'PROCESSING', '2012-11-22'),
(3466, 39, 23, 201, 'PAID', '2001-05-06'),
(3467, 46, 30, 221, 'PROCESSING', '2000-10-15'),
(3468, 423, 32, 77, '', '2000-03-01'),
(3469, 317, 9, 116, 'DELIVERED', '2003-05-09'),
(3470, 140, 16, 22, 'PAID', '2007-09-19'),
(3471, 332, 9, 263, 'DELIVERED', '2007-08-09'),
(3472, 319, 26, 252, 'PROCESSING', '2011-02-11'),
(3473, 441, 21, 119, 'PROCESSING', '2005-10-10'),
(3474, 363, 8, 197, 'UNPAID', '2004-09-11'),
(3475, 458, 31, 19, 'DELIVERED', '2007-12-11'),
(3476, 95, 36, 206, '', '2012-07-10'),
(3477, 394, 41, 223, 'DELIVERED', '2012-02-07'),
(3478, 193, 60, 178, 'UNPAID', '2000-03-05'),
(3479, 192, 64, 165, 'PAID', '2005-08-27'),
(3480, 22, 36, 94, 'PAID', '2001-12-03'),
(3481, 15, 34, 131, '', '2001-03-15'),
(3482, 36, 21, 235, 'PROCESSING', '2003-05-17'),
(3483, 131, 41, 227, 'DELIVERED', '2007-04-28'),
(3484, 15, 60, 275, 'UNPAID', '2005-03-09'),
(3485, 271, 15, 118, 'PROCESSING', '2009-10-12'),
(3486, 430, 1, 285, '', '2004-09-12'),
(3487, 270, 7, 4, '', '2009-10-14'),
(3488, 153, 5, 137, 'PAID', '2012-05-12'),
(3489, 217, 39, 218, '', '2010-02-17'),
(3490, 274, 62, 298, 'PROCESSING', '2012-12-11'),
(3491, 132, 44, 240, '', '2010-10-18'),
(3492, 243, 38, 33, '', '2008-07-05'),
(3493, 315, 61, 168, 'UNPAID', '2006-04-03'),
(3494, 171, 27, 197, '', '2004-08-10'),
(3495, 144, 39, 218, 'PROCESSING', '2003-07-11'),
(3496, 15, 22, 5, 'PROCESSING', '2011-02-10'),
(3497, 284, 45, 143, 'PAID', '2008-01-09'),
(3498, 76, 21, 115, 'PROCESSING', '2009-01-12'),
(3499, 34, 45, 226, 'PAID', '2003-06-26'),
(3500, 257, 1, 90, 'PROCESSING', '2004-04-03'),
(3501, 128, 29, 124, '', '2001-11-02'),
(3502, 368, 61, 109, '', '2003-09-12'),
(3503, 475, 51, 245, 'UNPAID', '2006-07-12'),
(3504, 359, 3, 96, 'PAID', '2000-08-23'),
(3505, 188, 61, 267, 'DELIVERED', '2004-04-14'),
(3506, 241, 13, 163, 'PAID', '2001-11-05');
INSERT INTO `orders` (`orders_id`, `clients_id`, `products_id`, `price`, `status`, `o_time`) VALUES
(3507, 175, 43, 166, 'PAID', '2005-05-11'),
(3508, 438, 61, 228, 'DELIVERED', '2012-01-25'),
(3509, 9, 45, 208, 'PAID', '2008-07-02'),
(3510, 483, 58, 158, 'PROCESSING', '2000-01-21'),
(3511, 89, 63, 260, 'PROCESSING', '2007-06-25'),
(3512, 22, 52, 68, '', '2009-12-16'),
(3513, 340, 4, 134, 'DELIVERED', '2009-02-04'),
(3514, 179, 47, 46, 'PAID', '2007-09-24'),
(3515, 330, 49, 164, '', '2009-05-11'),
(3516, 160, 54, 77, 'PAID', '2007-06-09'),
(3517, 162, 30, 261, 'UNPAID', '2006-04-21'),
(3518, 129, 30, 254, 'DELIVERED', '2002-12-28'),
(3519, 377, 44, 241, 'PROCESSING', '2005-05-09'),
(3520, 64, 50, 206, 'PROCESSING', '2007-12-24'),
(3521, 94, 28, 39, 'PROCESSING', '2011-12-16'),
(3522, 193, 20, 84, 'DELIVERED', '2009-02-08'),
(3523, 452, 8, 77, 'DELIVERED', '2010-01-04'),
(3524, 106, 27, 127, 'PAID', '2002-02-23'),
(3525, 362, 3, 188, '', '2005-10-13'),
(3526, 166, 49, 299, 'DELIVERED', '2000-04-11'),
(3527, 398, 26, 200, 'DELIVERED', '2006-12-12'),
(3528, 157, 64, 167, 'PROCESSING', '2004-12-25'),
(3529, 265, 6, 205, 'PAID', '2001-04-06'),
(3530, 289, 4, 198, '', '2010-08-19'),
(3531, 422, 61, 12, 'DELIVERED', '2004-09-12'),
(3532, 418, 41, 249, 'UNPAID', '2007-05-20'),
(3533, 481, 24, 176, 'PROCESSING', '2005-04-23'),
(3534, 278, 38, 2, 'UNPAID', '2008-08-03'),
(3535, 213, 21, 222, 'PAID', '2003-10-28'),
(3536, 283, 32, 112, 'PROCESSING', '2001-03-17'),
(3537, 345, 38, 91, 'DELIVERED', '2012-11-06'),
(3538, 186, 11, 2, '', '2009-01-03'),
(3539, 175, 44, 56, 'DELIVERED', '2012-12-03'),
(3540, 116, 46, 16, '', '2002-06-07'),
(3541, 140, 41, 251, '', '2002-02-19'),
(3542, 70, 2, 264, 'PROCESSING', '2002-11-14'),
(3543, 446, 58, 172, 'PAID', '2007-10-02'),
(3544, 271, 45, 43, 'DELIVERED', '2004-03-17'),
(3545, 274, 41, 252, '', '2003-09-24'),
(3546, 217, 53, 151, 'PROCESSING', '2010-05-03'),
(3547, 11, 18, 173, '', '2002-02-06'),
(3548, 353, 59, 76, 'PAID', '2007-05-02'),
(3549, 468, 39, 198, 'PROCESSING', '2002-06-10'),
(3550, 217, 11, 56, '', '2012-09-14'),
(3551, 403, 5, 173, '', '2004-02-22'),
(3552, 238, 20, 292, 'PAID', '2002-03-14'),
(3553, 379, 41, 161, 'DELIVERED', '2002-03-07'),
(3554, 201, 45, 179, '', '2011-10-21'),
(3555, 410, 31, 61, 'DELIVERED', '2006-10-15'),
(3556, 423, 61, 83, 'PAID', '2002-03-16'),
(3557, 208, 31, 9, 'UNPAID', '2001-07-26'),
(3558, 147, 50, 50, 'DELIVERED', '2005-10-16'),
(3559, 146, 35, 88, 'UNPAID', '2000-06-23'),
(3560, 263, 18, 87, 'PAID', '2002-07-21'),
(3561, 211, 53, 90, '', '2003-04-02'),
(3562, 185, 58, 292, 'DELIVERED', '2008-02-11'),
(3563, 42, 59, 282, 'PAID', '2005-03-15'),
(3564, 214, 48, 91, '', '2012-08-11'),
(3565, 98, 11, 36, 'DELIVERED', '2012-05-14'),
(3566, 124, 49, 158, 'DELIVERED', '2008-06-09'),
(3567, 135, 42, 207, 'PAID', '2006-08-21'),
(3568, 471, 56, 77, 'PAID', '2007-07-11'),
(3569, 283, 10, 222, 'DELIVERED', '2003-11-12'),
(3570, 134, 18, 265, 'PROCESSING', '2000-05-05'),
(3571, 316, 59, 138, '', '2007-02-08'),
(3572, 33, 51, 6, 'UNPAID', '2008-04-12'),
(3573, 102, 54, 238, 'DELIVERED', '2012-07-16'),
(3574, 137, 26, 288, 'PROCESSING', '2008-11-03'),
(3575, 330, 17, 69, 'PAID', '2001-09-07'),
(3576, 339, 55, 154, 'DELIVERED', '2007-07-22'),
(3577, 114, 52, 63, 'PROCESSING', '2008-01-07'),
(3578, 293, 35, 235, '', '2011-09-12'),
(3579, 285, 38, 151, 'PAID', '2010-09-16'),
(3580, 481, 28, 241, 'DELIVERED', '2003-04-12'),
(3581, 418, 55, 64, 'UNPAID', '2008-06-15'),
(3582, 128, 28, 226, '', '2012-07-21'),
(3583, 428, 18, 48, 'PROCESSING', '2011-08-20'),
(3584, 337, 26, 83, 'DELIVERED', '2010-01-10'),
(3585, 26, 26, 230, '', '2002-12-28'),
(3586, 425, 26, 155, 'UNPAID', '2010-04-28'),
(3587, 375, 52, 216, 'DELIVERED', '2000-11-03'),
(3588, 457, 35, 240, 'DELIVERED', '2012-01-08'),
(3589, 358, 10, 187, 'DELIVERED', '2007-05-20'),
(3590, 379, 24, 203, 'DELIVERED', '2009-03-22'),
(3591, 279, 30, 226, 'PAID', '2003-06-28'),
(3592, 160, 23, 19, 'PAID', '2011-11-25'),
(3593, 397, 61, 49, 'PROCESSING', '2001-10-09'),
(3594, 308, 12, 2, 'PAID', '2006-09-02'),
(3595, 142, 57, 241, '', '2004-07-06'),
(3596, 281, 2, 48, '', '2004-03-05'),
(3597, 124, 5, 10, 'UNPAID', '2000-03-17'),
(3598, 47, 64, 276, 'DELIVERED', '2001-12-04'),
(3599, 333, 40, 48, '', '2006-12-24'),
(3600, 386, 34, 4, 'PAID', '2006-03-08'),
(3601, 445, 25, 125, 'UNPAID', '2005-06-07'),
(3602, 231, 42, 247, 'PROCESSING', '2007-09-09'),
(3603, 373, 44, 123, 'PROCESSING', '2003-07-12'),
(3604, 358, 35, 69, 'PROCESSING', '2000-03-25'),
(3605, 285, 27, 42, 'PROCESSING', '2010-07-19'),
(3606, 124, 65, 261, 'DELIVERED', '2008-09-09'),
(3607, 123, 28, 172, 'UNPAID', '2001-12-13'),
(3608, 175, 36, 257, 'UNPAID', '2000-01-17'),
(3609, 57, 21, 146, 'DELIVERED', '2009-08-06'),
(3610, 255, 12, 248, 'DELIVERED', '2002-09-14'),
(3611, 398, 25, 235, 'UNPAID', '2010-05-02'),
(3612, 445, 22, 156, 'PAID', '2011-05-10'),
(3613, 467, 30, 287, 'UNPAID', '2010-06-22'),
(3614, 248, 5, 283, 'UNPAID', '2003-10-23'),
(3615, 202, 30, 88, 'PAID', '2010-01-08'),
(3616, 322, 28, 106, 'PROCESSING', '2009-11-24'),
(3617, 315, 16, 54, 'PROCESSING', '2009-02-19'),
(3618, 232, 38, 127, '', '2008-05-01'),
(3619, 428, 9, 241, 'PAID', '2007-02-15'),
(3620, 213, 11, 237, 'UNPAID', '2007-02-19'),
(3621, 174, 1, 145, '', '2003-08-17'),
(3622, 464, 52, 75, 'PROCESSING', '2004-09-12'),
(3623, 1, 2, 121, '', '2002-03-05'),
(3624, 368, 20, 199, 'UNPAID', '2005-06-08'),
(3625, 25, 39, 280, 'PROCESSING', '2007-05-12'),
(3626, 415, 5, 296, 'DELIVERED', '2011-03-06'),
(3627, 112, 59, 184, 'PAID', '2012-01-03'),
(3628, 46, 14, 78, '', '2006-12-01'),
(3629, 472, 25, 92, 'UNPAID', '2012-03-12'),
(3630, 272, 43, 245, 'PAID', '2009-10-06'),
(3631, 284, 3, 122, '', '2012-01-01'),
(3632, 426, 2, 42, '', '2003-05-23'),
(3633, 366, 21, 251, 'DELIVERED', '2008-02-21'),
(3634, 316, 25, 42, 'UNPAID', '2000-12-17'),
(3635, 365, 49, 237, 'PAID', '2010-03-04'),
(3636, 354, 14, 50, 'PROCESSING', '2003-04-16'),
(3637, 235, 46, 108, 'PAID', '2000-03-27'),
(3638, 344, 22, 197, 'PAID', '2009-10-16'),
(3639, 364, 49, 42, 'PROCESSING', '2006-12-23'),
(3640, 137, 8, 283, 'UNPAID', '2004-02-17'),
(3641, 281, 27, 44, 'UNPAID', '2001-07-08'),
(3642, 60, 46, 62, '', '2000-11-05'),
(3643, 370, 43, 214, 'PROCESSING', '2005-11-28'),
(3644, 436, 51, 238, 'UNPAID', '2011-09-05'),
(3645, 115, 55, 229, '', '2003-11-24'),
(3646, 174, 27, 39, 'PROCESSING', '2001-05-09'),
(3647, 77, 13, 141, '', '2011-03-12'),
(3648, 119, 3, 117, 'UNPAID', '2010-03-09'),
(3649, 348, 60, 140, '', '2009-03-21'),
(3650, 3, 9, 182, 'PAID', '2007-09-24'),
(3651, 327, 5, 42, '', '2003-08-21'),
(3652, 57, 52, 43, 'PAID', '2010-07-14'),
(3653, 308, 47, 236, 'PAID', '2008-03-08'),
(3654, 190, 32, 9, 'PAID', '2007-08-22'),
(3655, 80, 24, 177, '', '2005-09-19'),
(3656, 345, 22, 116, '', '2001-07-05'),
(3657, 461, 4, 199, 'PROCESSING', '2010-06-26'),
(3658, 197, 46, 55, 'DELIVERED', '2002-03-06'),
(3659, 385, 55, 280, '', '2002-07-22'),
(3660, 316, 16, 129, 'PAID', '2007-10-05'),
(3661, 342, 23, 101, 'DELIVERED', '2005-12-06'),
(3662, 84, 29, 33, 'PROCESSING', '2001-04-11'),
(3663, 151, 33, 162, 'UNPAID', '2004-06-02'),
(3664, 270, 65, 245, 'UNPAID', '2003-03-16'),
(3665, 396, 4, 210, 'PROCESSING', '2005-01-04'),
(3666, 394, 3, 104, '', '2006-06-16'),
(3667, 300, 49, 272, '', '2003-06-01'),
(3668, 288, 60, 15, 'UNPAID', '2011-11-10'),
(3669, 65, 7, 260, '', '2002-07-13'),
(3670, 279, 39, 175, 'PAID', '2008-12-10'),
(3671, 53, 25, 268, 'DELIVERED', '2001-10-18'),
(3672, 182, 16, 195, '', '2001-09-03'),
(3673, 26, 37, 126, 'UNPAID', '2008-04-04'),
(3674, 407, 56, 169, 'PAID', '2005-02-22'),
(3675, 40, 5, 35, 'UNPAID', '2005-01-26'),
(3676, 286, 52, 163, '', '2000-03-26'),
(3677, 94, 58, 1, 'PAID', '2005-06-12'),
(3678, 53, 46, 164, '', '2007-02-10'),
(3679, 490, 17, 32, 'UNPAID', '2004-03-08'),
(3680, 384, 15, 53, 'PAID', '2000-09-09'),
(3681, 32, 59, 68, 'PAID', '2010-03-14'),
(3682, 116, 43, 277, 'PAID', '2004-06-08'),
(3683, 442, 38, 186, '', '2010-09-28'),
(3684, 75, 62, 75, '', '2002-06-09'),
(3685, 97, 9, 186, 'PAID', '2000-11-15'),
(3686, 410, 5, 4, 'UNPAID', '2009-12-12'),
(3687, 33, 26, 210, '', '2012-04-25'),
(3688, 390, 3, 255, '', '2012-02-25'),
(3689, 81, 34, 56, 'PAID', '2008-10-18'),
(3690, 342, 42, 41, 'PROCESSING', '2009-02-17'),
(3691, 212, 6, 6, 'PROCESSING', '2006-09-14'),
(3692, 219, 3, 101, 'PAID', '2001-03-06'),
(3693, 36, 19, 22, 'PAID', '2010-04-17'),
(3694, 221, 4, 66, 'UNPAID', '2009-05-20'),
(3695, 207, 33, 86, '', '2007-04-10'),
(3696, 28, 2, 246, 'PROCESSING', '2000-02-21'),
(3697, 68, 23, 280, 'PAID', '2008-01-13'),
(3698, 204, 18, 13, '', '2004-04-01'),
(3699, 14, 40, 208, 'PROCESSING', '2001-12-09'),
(3700, 340, 19, 197, 'DELIVERED', '2003-06-08'),
(3701, 175, 41, 298, 'PROCESSING', '2012-12-20'),
(3702, 289, 61, 46, 'UNPAID', '2002-03-25'),
(3703, 251, 30, 264, 'PROCESSING', '2000-07-28'),
(3704, 89, 36, 88, '', '2010-12-18'),
(3705, 59, 28, 263, 'PROCESSING', '2000-11-28'),
(3706, 11, 52, 204, 'DELIVERED', '2009-10-18'),
(3707, 446, 2, 144, 'PROCESSING', '2006-05-27'),
(3708, 267, 61, 285, 'DELIVERED', '2006-03-17'),
(3709, 144, 13, 68, 'PROCESSING', '2007-02-25'),
(3710, 325, 63, 259, 'DELIVERED', '2009-07-09'),
(3711, 235, 24, 272, 'PAID', '2005-05-23'),
(3712, 425, 49, 232, 'PROCESSING', '2008-09-04'),
(3713, 71, 63, 220, 'PROCESSING', '2001-12-24'),
(3714, 372, 4, 222, 'PROCESSING', '2000-08-03'),
(3715, 383, 10, 120, 'PAID', '2006-04-19'),
(3716, 441, 45, 139, 'DELIVERED', '2005-03-05'),
(3717, 50, 62, 92, 'PAID', '2011-01-20'),
(3718, 31, 65, 159, '', '2000-04-07'),
(3719, 36, 57, 104, '', '2000-09-04'),
(3720, 254, 3, 230, 'PROCESSING', '2009-03-06'),
(3721, 78, 30, 107, 'PAID', '2005-08-15'),
(3722, 159, 46, 55, 'PAID', '2009-09-06'),
(3723, 365, 64, 134, '', '2011-10-19'),
(3724, 421, 35, 237, 'PAID', '2007-07-23'),
(3725, 149, 51, 292, 'PROCESSING', '2003-04-21'),
(3726, 317, 65, 67, '', '2008-05-10'),
(3727, 186, 8, 168, 'UNPAID', '2001-01-27'),
(3728, 463, 52, 184, '', '2004-05-05'),
(3729, 441, 62, 291, 'PAID', '2009-12-19'),
(3730, 473, 18, 115, 'DELIVERED', '2003-08-17'),
(3731, 458, 1, 281, 'PAID', '2001-06-13'),
(3732, 106, 33, 113, 'UNPAID', '2003-12-27'),
(3733, 301, 26, 42, 'PROCESSING', '2004-02-21'),
(3734, 32, 4, 114, 'UNPAID', '2004-10-18'),
(3735, 276, 24, 66, 'PROCESSING', '2004-02-23'),
(3736, 239, 42, 74, 'DELIVERED', '2001-08-25'),
(3737, 211, 40, 247, 'UNPAID', '2012-12-16'),
(3738, 161, 5, 82, 'PAID', '2001-08-12'),
(3739, 209, 27, 19, '', '2010-04-14'),
(3740, 67, 29, 88, 'DELIVERED', '2000-07-10'),
(3741, 107, 11, 57, 'DELIVERED', '2009-01-20'),
(3742, 369, 64, 75, 'UNPAID', '2000-07-14'),
(3743, 74, 11, 269, 'PROCESSING', '2007-12-16'),
(3744, 170, 16, 14, 'PROCESSING', '2008-05-03'),
(3745, 364, 57, 130, '', '2000-08-17'),
(3746, 387, 41, 90, 'PROCESSING', '2007-07-18'),
(3747, 310, 5, 29, 'DELIVERED', '2003-12-11'),
(3748, 398, 62, 277, 'UNPAID', '2002-12-18'),
(3749, 415, 20, 224, 'PROCESSING', '2002-03-16'),
(3750, 102, 52, 47, '', '2005-06-16'),
(3751, 7, 65, 49, 'DELIVERED', '2000-04-12'),
(3752, 144, 16, 236, 'UNPAID', '2002-09-08'),
(3753, 182, 44, 270, 'PAID', '2012-08-23'),
(3754, 78, 54, 106, 'PAID', '2007-07-11'),
(3755, 14, 63, 271, 'UNPAID', '2012-01-20'),
(3756, 7, 21, 35, 'PAID', '2007-11-12'),
(3757, 370, 40, 201, 'UNPAID', '2003-07-10'),
(3758, 130, 14, 44, 'PROCESSING', '2000-06-23'),
(3759, 313, 1, 46, 'DELIVERED', '2012-01-20'),
(3760, 448, 8, 119, '', '2005-07-07'),
(3761, 487, 27, 192, 'DELIVERED', '2000-04-25'),
(3762, 152, 57, 64, 'PROCESSING', '2001-05-28'),
(3763, 55, 56, 235, 'DELIVERED', '2011-12-12'),
(3764, 398, 64, 37, 'DELIVERED', '2001-07-19'),
(3765, 258, 2, 264, 'PROCESSING', '2005-07-08'),
(3766, 230, 54, 41, 'DELIVERED', '2009-05-10'),
(3767, 383, 46, 103, '', '2007-02-18'),
(3768, 197, 4, 17, 'PAID', '2000-03-27'),
(3769, 68, 46, 176, 'DELIVERED', '2009-06-06'),
(3770, 83, 64, 135, 'DELIVERED', '2010-07-12'),
(3771, 248, 61, 229, 'PAID', '2008-02-05'),
(3772, 87, 15, 246, 'PROCESSING', '2003-11-23'),
(3773, 162, 4, 219, 'PROCESSING', '2009-04-04'),
(3774, 233, 51, 95, 'DELIVERED', '2009-10-08'),
(3775, 279, 23, 208, 'UNPAID', '2003-06-10'),
(3776, 442, 37, 161, 'UNPAID', '2010-05-19'),
(3777, 39, 15, 134, 'PROCESSING', '2003-03-25'),
(3778, 14, 32, 2, 'PROCESSING', '2003-04-05'),
(3779, 13, 6, 128, 'PROCESSING', '2005-02-19'),
(3780, 342, 38, 7, 'PROCESSING', '2001-07-19'),
(3781, 452, 59, 99, '', '2001-10-12'),
(3782, 202, 62, 85, 'PROCESSING', '2005-04-27'),
(3783, 343, 40, 26, 'DELIVERED', '2008-07-09'),
(3784, 54, 41, 295, '', '2002-01-12'),
(3785, 161, 37, 23, 'PAID', '2006-05-07'),
(3786, 291, 12, 196, 'UNPAID', '2001-12-13'),
(3787, 276, 15, 115, 'PAID', '2010-06-28'),
(3788, 249, 64, 91, 'DELIVERED', '2007-04-12'),
(3789, 390, 19, 247, 'UNPAID', '2010-11-11'),
(3790, 147, 20, 185, '', '2006-04-26'),
(3791, 299, 14, 102, 'UNPAID', '2005-09-13'),
(3792, 119, 13, 125, 'DELIVERED', '2002-09-11'),
(3793, 371, 65, 235, 'PROCESSING', '2003-08-19'),
(3794, 58, 33, 13, 'PROCESSING', '2010-08-09'),
(3795, 140, 61, 62, '', '2001-07-02'),
(3796, 270, 18, 149, 'DELIVERED', '2005-11-16'),
(3797, 298, 41, 272, 'PAID', '2008-09-26'),
(3798, 445, 20, 176, 'UNPAID', '2010-08-13'),
(3799, 293, 19, 227, '', '2002-12-22'),
(3800, 166, 33, 251, '', '2010-04-20'),
(3801, 107, 16, 66, '', '2011-02-06'),
(3802, 245, 53, 31, 'PROCESSING', '2001-09-13'),
(3803, 441, 21, 263, 'PROCESSING', '2007-08-11'),
(3804, 393, 39, 45, 'UNPAID', '2001-12-01'),
(3805, 424, 21, 212, 'UNPAID', '2007-12-26'),
(3806, 211, 4, 29, '', '2011-03-10'),
(3807, 473, 58, 230, '', '2002-08-11'),
(3808, 384, 18, 221, 'PROCESSING', '2011-11-21'),
(3809, 468, 57, 225, '', '2002-06-26'),
(3810, 364, 25, 242, 'UNPAID', '2005-11-03'),
(3811, 139, 7, 130, 'PAID', '2012-03-04'),
(3812, 82, 55, 141, '', '2001-03-15'),
(3813, 474, 6, 77, '', '2012-01-21'),
(3814, 69, 30, 191, '', '2010-06-02'),
(3815, 123, 23, 45, 'PROCESSING', '2005-07-22'),
(3816, 205, 51, 268, 'PROCESSING', '2007-05-15'),
(3817, 352, 37, 20, 'DELIVERED', '2008-04-17'),
(3818, 296, 21, 103, 'DELIVERED', '2010-12-18'),
(3819, 295, 28, 203, '', '2009-10-11'),
(3820, 100, 27, 49, 'DELIVERED', '2002-01-06'),
(3821, 388, 27, 221, 'PROCESSING', '2012-10-06'),
(3822, 306, 8, 240, 'PAID', '2005-02-28'),
(3823, 108, 8, 178, '', '2006-04-19'),
(3824, 147, 7, 17, 'PROCESSING', '2006-03-04'),
(3825, 332, 18, 97, 'PROCESSING', '2008-01-28'),
(3826, 323, 56, 52, 'PAID', '2012-12-15'),
(3827, 211, 8, 143, 'DELIVERED', '2002-01-14'),
(3828, 373, 22, 43, 'UNPAID', '2005-03-16'),
(3829, 456, 27, 204, 'DELIVERED', '2008-01-03'),
(3830, 182, 4, 17, 'UNPAID', '2011-03-09'),
(3831, 444, 13, 245, 'PAID', '2003-04-28'),
(3832, 261, 24, 136, 'PAID', '2009-08-10'),
(3833, 64, 52, 273, 'UNPAID', '2002-08-19'),
(3834, 436, 39, 223, 'PAID', '2008-10-09'),
(3835, 279, 2, 180, 'PROCESSING', '2002-05-23'),
(3836, 257, 47, 237, 'UNPAID', '2000-03-10'),
(3837, 377, 54, 210, '', '2008-08-27'),
(3838, 401, 13, 187, 'DELIVERED', '2010-05-28'),
(3839, 213, 11, 78, 'UNPAID', '2002-11-14'),
(3840, 195, 18, 85, '', '2012-01-28'),
(3841, 25, 21, 97, '', '2001-01-21'),
(3842, 369, 41, 202, 'PROCESSING', '2010-04-08'),
(3843, 298, 43, 74, 'UNPAID', '2010-07-02'),
(3844, 486, 24, 156, 'PAID', '2008-10-09'),
(3845, 301, 57, 85, 'DELIVERED', '2002-08-14'),
(3846, 156, 41, 59, 'UNPAID', '2003-11-18'),
(3847, 36, 11, 276, 'DELIVERED', '2010-02-21'),
(3848, 310, 44, 229, 'DELIVERED', '2000-04-01'),
(3849, 324, 6, 96, 'PAID', '2012-08-27'),
(3850, 66, 14, 126, 'PROCESSING', '2010-08-15'),
(3851, 39, 32, 49, 'UNPAID', '2008-01-24'),
(3852, 227, 16, 164, 'UNPAID', '2011-04-21'),
(3853, 460, 38, 219, 'PROCESSING', '2008-01-25'),
(3854, 304, 43, 243, 'DELIVERED', '2011-03-06'),
(3855, 335, 55, 218, 'DELIVERED', '2004-11-26'),
(3856, 473, 63, 222, 'PROCESSING', '2002-04-15'),
(3857, 58, 39, 72, 'UNPAID', '2002-12-19'),
(3858, 412, 2, 157, 'PROCESSING', '2008-04-06'),
(3859, 256, 36, 124, 'PAID', '2005-02-28'),
(3860, 349, 2, 264, 'DELIVERED', '2012-08-03'),
(3861, 94, 59, 188, 'PAID', '2006-11-11'),
(3862, 326, 55, 5, 'PROCESSING', '2011-07-27'),
(3863, 253, 57, 52, 'UNPAID', '2005-08-07'),
(3864, 397, 47, 63, 'PROCESSING', '2009-02-06'),
(3865, 357, 46, 90, '', '2007-12-07'),
(3866, 48, 52, 177, 'DELIVERED', '2008-08-08'),
(3867, 229, 10, 69, '', '2000-05-01'),
(3868, 207, 64, 79, 'PAID', '2009-06-22'),
(3869, 220, 37, 285, 'UNPAID', '2003-03-03'),
(3870, 426, 12, 96, '', '2012-11-21'),
(3871, 281, 34, 299, 'UNPAID', '2008-03-01'),
(3872, 321, 41, 13, 'UNPAID', '2007-04-09'),
(3873, 154, 51, 19, 'DELIVERED', '2004-01-27'),
(3874, 292, 17, 9, 'PROCESSING', '2005-05-13'),
(3875, 190, 17, 49, '', '2009-02-28'),
(3876, 206, 25, 6, 'UNPAID', '2000-01-05'),
(3877, 301, 24, 139, '', '2001-07-20'),
(3878, 232, 35, 188, 'UNPAID', '2010-08-15'),
(3879, 111, 1, 289, 'DELIVERED', '2003-02-16'),
(3880, 14, 19, 171, 'PROCESSING', '2008-08-15'),
(3881, 327, 43, 203, 'PAID', '2000-02-06'),
(3882, 74, 43, 269, 'DELIVERED', '2002-07-20'),
(3883, 485, 12, 67, 'PAID', '2002-03-24'),
(3884, 212, 20, 119, 'PROCESSING', '2007-12-26'),
(3885, 121, 36, 129, '', '2002-02-06'),
(3886, 101, 16, 121, 'PAID', '2011-04-28'),
(3887, 46, 54, 200, 'UNPAID', '2012-11-09'),
(3888, 82, 5, 37, 'PROCESSING', '2004-07-02'),
(3889, 470, 32, 289, 'PAID', '2000-05-04'),
(3890, 110, 33, 94, 'PROCESSING', '2009-09-22'),
(3891, 311, 1, 228, 'DELIVERED', '2010-06-23'),
(3892, 403, 20, 33, '', '2004-03-17'),
(3893, 366, 49, 193, 'DELIVERED', '2003-08-26'),
(3894, 128, 65, 9, 'PROCESSING', '2006-05-26'),
(3895, 112, 4, 209, '', '2000-06-17'),
(3896, 441, 57, 121, 'DELIVERED', '2002-07-20'),
(3897, 272, 49, 89, 'PAID', '2006-12-01'),
(3898, 356, 36, 276, '', '2006-12-14'),
(3899, 15, 19, 114, 'PAID', '2004-01-04'),
(3900, 204, 35, 214, 'PAID', '2005-02-01'),
(3901, 284, 41, 223, 'UNPAID', '2004-01-13'),
(3902, 423, 64, 134, 'PROCESSING', '2006-05-16'),
(3903, 24, 21, 12, 'UNPAID', '2007-05-10'),
(3904, 466, 32, 138, 'PAID', '2000-03-19'),
(3905, 200, 19, 213, '', '2011-06-04'),
(3906, 137, 32, 168, 'UNPAID', '2005-01-21'),
(3907, 474, 24, 90, 'UNPAID', '2008-05-03'),
(3908, 137, 49, 130, 'PAID', '2003-11-17'),
(3909, 122, 4, 81, 'DELIVERED', '2004-12-19'),
(3910, 124, 28, 230, 'PROCESSING', '2011-04-19'),
(3911, 181, 22, 120, 'PAID', '2008-09-10'),
(3912, 178, 3, 134, 'DELIVERED', '2010-11-25'),
(3913, 12, 50, 138, 'PAID', '2010-09-27'),
(3914, 81, 46, 172, 'PROCESSING', '2001-05-27'),
(3915, 22, 43, 186, 'PROCESSING', '2012-01-21'),
(3916, 329, 47, 30, 'UNPAID', '2009-07-19'),
(3917, 259, 28, 162, 'PROCESSING', '2002-12-24'),
(3918, 1, 48, 226, 'UNPAID', '2005-04-17'),
(3919, 273, 44, 160, 'PROCESSING', '2004-02-01'),
(3920, 151, 11, 228, '', '2011-11-01'),
(3921, 303, 27, 205, 'UNPAID', '2010-03-20'),
(3922, 489, 15, 157, '', '2012-04-05'),
(3923, 181, 39, 226, '', '2003-04-15'),
(3924, 287, 28, 161, '', '2007-04-25'),
(3925, 229, 10, 264, 'UNPAID', '2007-07-07'),
(3926, 181, 51, 278, 'PAID', '2012-06-11'),
(3927, 462, 47, 160, 'PAID', '2004-04-07'),
(3928, 284, 37, 228, 'UNPAID', '2012-04-02'),
(3929, 289, 38, 278, 'UNPAID', '2009-10-04'),
(3930, 140, 24, 111, 'DELIVERED', '2001-04-01'),
(3931, 68, 48, 116, 'UNPAID', '2005-12-11'),
(3932, 378, 14, 188, 'PAID', '2009-05-15'),
(3933, 374, 44, 171, 'PAID', '2003-06-12'),
(3934, 486, 20, 165, 'PAID', '2008-11-27'),
(3935, 390, 14, 285, '', '2012-05-01'),
(3936, 195, 17, 121, 'UNPAID', '2005-01-15'),
(3937, 109, 27, 9, '', '2001-08-10'),
(3938, 166, 6, 224, 'PAID', '2005-04-17'),
(3939, 21, 14, 160, '', '2005-06-22'),
(3940, 174, 54, 235, 'DELIVERED', '2000-03-26'),
(3941, 258, 14, 131, 'DELIVERED', '2008-06-21'),
(3942, 343, 4, 21, 'UNPAID', '2001-10-11'),
(3943, 265, 7, 291, 'PROCESSING', '2003-07-12'),
(3944, 353, 64, 57, 'UNPAID', '2010-12-24'),
(3945, 427, 10, 223, 'PAID', '2004-03-05'),
(3946, 478, 42, 264, 'DELIVERED', '2009-12-20'),
(3947, 419, 50, 23, 'PAID', '2011-01-28'),
(3948, 82, 36, 119, '', '2006-07-27'),
(3949, 162, 36, 235, 'PAID', '2009-07-17'),
(3950, 28, 46, 223, 'UNPAID', '2004-08-20'),
(3951, 19, 37, 124, '', '2004-06-09'),
(3952, 89, 35, 79, 'PAID', '2001-08-07'),
(3953, 299, 16, 58, '', '2010-12-04'),
(3954, 239, 33, 222, 'PROCESSING', '2002-06-16'),
(3955, 264, 7, 83, 'PROCESSING', '2008-09-14'),
(3956, 482, 12, 226, 'UNPAID', '2009-01-15'),
(3957, 384, 44, 224, 'PAID', '2011-12-10'),
(3958, 344, 60, 141, 'UNPAID', '2005-03-21'),
(3959, 298, 45, 90, 'UNPAID', '2010-07-21'),
(3960, 218, 17, 57, 'PROCESSING', '2005-12-17'),
(3961, 68, 63, 31, '', '2008-11-09'),
(3962, 266, 51, 193, 'PAID', '2008-02-13'),
(3963, 50, 21, 48, 'DELIVERED', '2000-06-24'),
(3964, 386, 2, 172, 'PAID', '2003-10-19'),
(3965, 353, 46, 75, '', '2008-05-22'),
(3966, 140, 13, 28, '', '2012-09-02'),
(3967, 327, 55, 150, 'DELIVERED', '2002-08-14'),
(3968, 83, 8, 99, '', '2001-11-06'),
(3969, 211, 44, 254, 'UNPAID', '2004-02-01'),
(3970, 11, 29, 236, 'PAID', '2008-11-04'),
(3971, 299, 40, 61, 'PAID', '2005-09-02'),
(3972, 304, 24, 157, 'DELIVERED', '2006-11-21'),
(3973, 300, 50, 280, 'UNPAID', '2005-10-06'),
(3974, 385, 57, 61, '', '2004-12-04'),
(3975, 464, 57, 75, 'PROCESSING', '2006-06-24'),
(3976, 456, 10, 264, 'PROCESSING', '2006-05-10'),
(3977, 479, 17, 25, 'PROCESSING', '2000-01-18'),
(3978, 209, 52, 247, 'PAID', '2008-01-01'),
(3979, 477, 1, 39, '', '2011-05-14'),
(3980, 173, 54, 92, 'PAID', '2012-03-24'),
(3981, 237, 38, 51, 'PROCESSING', '2010-04-02'),
(3982, 412, 18, 204, 'PAID', '2000-07-14'),
(3983, 354, 35, 147, 'DELIVERED', '2006-08-18'),
(3984, 203, 65, 25, 'DELIVERED', '2010-05-02'),
(3985, 387, 37, 264, 'PAID', '2001-01-21'),
(3986, 482, 20, 233, '', '2007-06-03'),
(3987, 308, 63, 169, 'PAID', '2006-01-02'),
(3988, 8, 44, 195, 'PROCESSING', '2008-09-06'),
(3989, 230, 8, 72, 'PAID', '2008-02-15'),
(3990, 410, 11, 77, '', '2006-01-18'),
(3991, 17, 32, 219, 'DELIVERED', '2005-04-01'),
(3992, 452, 23, 15, '', '2000-09-11'),
(3993, 325, 28, 168, 'UNPAID', '2007-10-11'),
(3994, 113, 60, 275, 'UNPAID', '2001-03-25'),
(3995, 268, 14, 158, 'PROCESSING', '2008-04-07'),
(3996, 65, 36, 75, 'UNPAID', '2011-04-28'),
(3997, 437, 65, 107, 'PROCESSING', '2005-11-20'),
(3998, 475, 47, 22, 'UNPAID', '2008-12-08'),
(3999, 347, 11, 45, 'PAID', '2004-09-24'),
(4000, 25, 61, 23, 'UNPAID', '2006-04-07'),
(4001, 176, 41, 67, 'PAID', '2008-07-23');

-- --------------------------------------------------------

--
-- Table structure for table `prodcat`
--

CREATE TABLE IF NOT EXISTS `prodcat` (
  `prodcat_id` int(11) NOT NULL AUTO_INCREMENT,
  `name` varchar(250) NOT NULL,
  `description` text NOT NULL,
  PRIMARY KEY (`prodcat_id`)
) ENGINE=MyISAM  DEFAULT CHARSET=latin1 AUTO_INCREMENT=7 ;

--
-- Dumping data for table `prodcat`
--

INSERT INTO `prodcat` (`prodcat_id`, `name`, `description`) VALUES
(1, 'Western', ''),
(2, 'European', ''),
(3, 'Indian', ''),
(4, 'EastAsian', ''),
(5, 'Arabian', ''),
(6, 'African', '');

-- --------------------------------------------------------

--
-- Table structure for table `products`
--

CREATE TABLE IF NOT EXISTS `products` (
  `products_id` int(11) NOT NULL AUTO_INCREMENT,
  `prodcat_id` int(11) NOT NULL,
  `name` varchar(250) NOT NULL,
  `description` text NOT NULL,
  `price` double NOT NULL,
  `instock` int(11) NOT NULL,
  `supplier` varchar(250) NOT NULL,
  `supplier_address` text NOT NULL,
  PRIMARY KEY (`products_id`)
) ENGINE=MyISAM  DEFAULT CHARSET=latin1 AUTO_INCREMENT=67 ;

--
-- Dumping data for table `products`
--

INSERT INTO `products` (`products_id`, `prodcat_id`, `name`, `description`, `price`, `instock`, `supplier`, `supplier_address`) VALUES
(1, 1, 'Western Orange', 'The fruits of Orange from the Western world', 7, 31, 'SK Deliv', 'TBS Sarl'),
(2, 2, 'European Orange', 'The fruits of Orange from the European world', 90, 76, 'TBS Sarl', 'SK Deliv'),
(3, 3, 'Indian Orange', 'The fruits of Orange from the Indian world', 73, 37, 'SK Deliv', 'TBS Sarl'),
(4, 4, 'EastAsian Orange', 'The fruits of Orange from the EastAsian world', 91, 6, 'SK Deliv', 'CNS Inc'),
(5, 5, 'Arabian Orange', 'The fruits of Orange from the Arabian world', 6, 49, 'ALG Eng', ''),
(6, 6, 'African Orange', 'The fruits of Orange from the African world', 35, 77, 'ALG Eng', 'SK Deliv'),
(7, 1, 'Western Apple', 'The fruits of Apple from the Western world', 88, 28, 'TRF Ltd', 'ANN LLC'),
(8, 2, 'European Apple', 'The fruits of Apple from the European world', 73, 60, 'ALG Eng', 'CNS Inc'),
(9, 3, 'Indian Apple', 'The fruits of Apple from the Indian world', 92, 19, 'TRF Ltd', 'CNS Inc'),
(10, 4, 'EastAsian Apple', 'The fruits of Apple from the EastAsian world', 96, 17, '', 'TBS Sarl'),
(11, 5, 'Arabian Apple', 'The fruits of Apple from the Arabian world', 56, 2, 'ANN LLC', 'TRF Ltd'),
(12, 6, 'African Apple', 'The fruits of Apple from the African world', 11, 34, 'ALG Eng', 'SK Deliv'),
(13, 1, 'Western Banana', 'The fruits of Banana from the Western world', 84, 40, 'SK Deliv', 'ALG Eng'),
(14, 2, 'European Banana', 'The fruits of Banana from the European world', 18, 30, 'ANN LLC', 'SK Deliv'),
(15, 3, 'Indian Banana', 'The fruits of Banana from the Indian world', 59, 86, 'ANN LLC', 'ANN LLC'),
(16, 4, 'EastAsian Banana', 'The fruits of Banana from the EastAsian world', 46, 51, 'SK Deliv', 'ANN LLC'),
(17, 5, 'Arabian Banana', 'The fruits of Banana from the Arabian world', 72, 55, 'ALG Eng', 'TBS Sarl'),
(18, 6, 'African Banana', 'The fruits of Banana from the African world', 73, 7, 'ANN LLC', 'ALG Eng'),
(19, 1, 'Western Pineapple', 'The fruits of Pineapple from the Western world', 12, 68, 'CNS Inc', 'ALG Eng'),
(20, 2, 'European Pineapple', 'The fruits of Pineapple from the European world', 3, 96, 'ANN LLC', 'CNS Inc'),
(21, 3, 'Indian Pineapple', 'The fruits of Pineapple from the Indian world', 37, 40, 'SK Deliv', 'TRF Ltd'),
(22, 4, 'EastAsian Pineapple', 'The fruits of Pineapple from the EastAsian world', 71, 31, 'TBS Sarl', 'ALG Eng'),
(23, 5, 'Arabian Pineapple', 'The fruits of Pineapple from the Arabian world', 18, 95, 'TBS Sarl', 'TBS Sarl'),
(24, 6, 'African Pineapple', 'The fruits of Pineapple from the African world', 47, 67, '', 'ALG Eng'),
(25, 1, 'Western Strawberry', 'The fruits of Strawberry from the Western world', 22, 14, 'CNS Inc', ''),
(26, 2, 'European Strawberry', 'The fruits of Strawberry from the European world', 23, 16, 'ALG Eng', 'ANN LLC'),
(27, 3, 'Indian Strawberry', 'The fruits of Strawberry from the Indian world', 84, 94, 'TRF Ltd', 'CNS Inc'),
(28, 4, 'EastAsian Strawberry', 'The fruits of Strawberry from the EastAsian world', 90, 86, 'TBS Sarl', 'ALG Eng'),
(29, 5, 'Arabian Strawberry', 'The fruits of Strawberry from the Arabian world', 27, 73, 'CNS Inc', ''),
(30, 6, 'African Strawberry', 'The fruits of Strawberry from the African world', 6, 35, 'ALG Eng', 'ALG Eng'),
(31, 1, 'Western Cherry', 'The fruits of Cherry from the Western world', 31, 82, 'CNS Inc', 'CNS Inc'),
(32, 2, 'European Cherry', 'The fruits of Cherry from the European world', 49, 79, '', 'TBS Sarl'),
(33, 3, 'Indian Cherry', 'The fruits of Cherry from the Indian world', 94, 74, 'TBS Sarl', 'ALG Eng'),
(34, 4, 'EastAsian Cherry', 'The fruits of Cherry from the EastAsian world', 91, 83, 'TRF Ltd', 'CNS Inc'),
(35, 5, 'Arabian Cherry', 'The fruits of Cherry from the Arabian world', 76, 100, 'TBS Sarl', 'TBS Sarl'),
(36, 6, 'African Cherry', 'The fruits of Cherry from the African world', 85, 30, '', 'SK Deliv'),
(37, 1, 'Western Apricot', 'The fruits of Apricot from the Western world', 4, 67, 'SK Deliv', 'SK Deliv'),
(38, 2, 'European Apricot', 'The fruits of Apricot from the European world', 4, 30, 'ALG Eng', 'ANN LLC'),
(39, 3, 'Indian Apricot', 'The fruits of Apricot from the Indian world', 13, 10, 'SK Deliv', 'TBS Sarl'),
(40, 4, 'EastAsian Apricot', 'The fruits of Apricot from the EastAsian world', 90, 98, 'ANN LLC', 'CNS Inc'),
(41, 5, 'Arabian Apricot', 'The fruits of Apricot from the Arabian world', 72, 92, '', 'TBS Sarl'),
(42, 6, 'African Apricot', 'The fruits of Apricot from the African world', 74, 45, 'ANN LLC', 'TRF Ltd'),
(43, 1, 'Western Peach', 'The fruits of Peach from the Western world', 45, 95, 'SK Deliv', 'ANN LLC'),
(44, 2, 'European Peach', 'The fruits of Peach from the European world', 25, 3, 'ANN LLC', 'ALG Eng'),
(45, 3, 'Indian Peach', 'The fruits of Peach from the Indian world', 71, 46, 'ANN LLC', 'CNS Inc'),
(46, 4, 'EastAsian Peach', 'The fruits of Peach from the EastAsian world', 76, 62, 'SK Deliv', ''),
(47, 5, 'Arabian Peach', 'The fruits of Peach from the Arabian world', 73, 10, 'TRF Ltd', 'TBS Sarl'),
(48, 6, 'African Peach', 'The fruits of Peach from the African world', 9, 76, 'TRF Ltd', 'CNS Inc'),
(49, 1, 'Western Kiwi', 'The fruits of Kiwi from the Western world', 68, 42, 'ANN LLC', 'ANN LLC'),
(50, 2, 'European Kiwi', 'The fruits of Kiwi from the European world', 87, 77, '', 'ANN LLC'),
(51, 3, 'Indian Kiwi', 'The fruits of Kiwi from the Indian world', 71, 3, 'TBS Sarl', ''),
(52, 4, 'EastAsian Kiwi', 'The fruits of Kiwi from the EastAsian world', 8, 100, 'ALG Eng', 'CNS Inc'),
(53, 5, 'Arabian Kiwi', 'The fruits of Kiwi from the Arabian world', 46, 56, 'TRF Ltd', 'ALG Eng'),
(54, 6, 'African Kiwi', 'The fruits of Kiwi from the African world', 20, 53, 'SK Deliv', ''),
(55, 1, 'Western Melon', 'The fruits of Melon from the Western world', 64, 55, 'TRF Ltd', 'CNS Inc'),
(56, 2, 'European Melon', 'The fruits of Melon from the European world', 32, 97, 'TRF Ltd', ''),
(57, 3, 'Indian Melon', 'The fruits of Melon from the Indian world', 39, 93, 'ANN LLC', 'ALG Eng'),
(58, 4, 'EastAsian Melon', 'The fruits of Melon from the EastAsian world', 70, 28, 'TRF Ltd', 'ANN LLC'),
(59, 5, 'Arabian Melon', 'The fruits of Melon from the Arabian world', 33, 15, 'ANN LLC', 'ANN LLC'),
(60, 6, 'African Melon', 'The fruits of Melon from the African world', 16, 56, 'ALG Eng', 'TBS Sarl'),
(61, 1, 'Western Blueberry', 'The fruits of Blueberry from the Western world', 13, 66, 'CNS Inc', 'ANN LLC'),
(62, 2, 'European Blueberry', 'The fruits of Blueberry from the European world', 20, 90, 'ALG Eng', 'CNS Inc'),
(63, 3, 'Indian Blueberry', 'The fruits of Blueberry from the Indian world', 45, 73, 'TRF Ltd', 'CNS Inc'),
(64, 4, 'EastAsian Blueberry', 'The fruits of Blueberry from the EastAsian world', 70, 5, 'CNS Inc', 'SK Deliv'),
(65, 5, 'Arabian Blueberry', 'The fruits of Blueberry from the Arabian world', 98, 10, 'ANN LLC', 'TBS Sarl'),
(66, 6, 'African Blueberry', 'The fruits of Blueberry from the African world', 40, 87, 'SK Deliv', 'TBS Sarl');

/*!40101 SET CHARACTER_SET_CLIENT=@OLD_CHARACTER_SET_CLIENT */;
/*!40101 SET CHARACTER_SET_RESULTS=@OLD_CHARACTER_SET_RESULTS */;
/*!40101 SET COLLATION_CONNECTION=@OLD_COLLATION_CONNECTION */;
